genus	family	notes
Carpentaria	Arecaceae	
x Chionoscilla	Asparagaceae	
Dolichousnea	Parmeliaceae	
Layia	Compositae	
Vegetable	Vegetables	
XXXXX	XXXXXXXXXX	
Abelia	Caprifoliaceae	See also <g>Vesalea</g>
Abeliophyllum	Oleaceae	
Abelmoschus	Malvaceae	
Abies	Pinaceae	
Abromeitiella	Bromeliaceae	
Abronia	Nyctaginaceae	
Abrotanella	Asteraceae	
Abrus	Papilionaceae	
Abutilon	Malvaceae	
Acacia	Mimosaceae	
Acaena	Rosaceae	
Acalypha	Euphorbiaceae	
Acanthocalyx	Morinaceae	
Acantholimon	Plumbaginaceae	
Acanthopanax	Araliaceae	
Acanthostachys	Bromeliaceae	
Acanthus	Acanthaceae	
Acca	Myrtaceae	
Acer	Sapindaceae	
Aceriphyllum	Saxifragaceae	
Achicodonia	Gesneriaceae	
Achillea	Asteraceae	
Achimenantha	Gesneriaceae	
Achimenes	Gesneriaceae	
Achlys	Berberidaceae	
Achnatherum	Poaceae	
Achyranthes	Amaranthaceae	
Acidanthera	Iridaceae	
Acinos	Lamiaceae	
Aciphylla	Apiaceae	
Acis	Amaryllidaceae	
Acmella	Asteraceae	
Acmena	Myrtaceae	
Acnistus	Solanaceae	
Acoelorraphe	Arecaceae	
Acoelorrhaphe	Arecaceae	
Acokanthera	Apocynaceae	
Aconitum	Ranunculaceae	
Aconogonon	Polygonaceae	
Acorus	Acoraceae	
Acourtia	Asteraceae	
Acradenia	Rutaceae	
Acridocarpus	Malpighiaceae	
Acrocladium	Sphagnaceae	
Actaea	Ranunculaceae	
Actinella	Asteraceae	
Actinidia	Actinidiaceae	
Actinotus	Apiaceae	
Acystopteris	Woodsiaceae	
Adansonia	Malvaceae	
Adelocaryum	Boraginaceae	
Adenanthos	Proteaceae	
Adenia	Passifloraceae	
Adenium	Apocynaceae	
Adenocalymma	Bignoniaceae	
Adenocarpus	Papilionaceae	
Adenophora	Campanulaceae	
Adenostyles	Asteraceae	
Adesmia	Papilionaceae	
Adiantum	Pteridaceae	
Adina	Rubiaceae	
Adlumia	Papaveraceae	
Adonidia	Arecaceae	
Adonis	Ranunculaceae	
Adoxa	Adoxaceae	
Adromischus	Crassulaceae	
Aechmea	Bromeliaceae	
Aegle	Rutaceae	
Aegopodium	Apiaceae	
Aeollanthus	Lamiaceae	
Aeonium	Crassulaceae	
Aeschynanthus	Gesneriaceae	
Aesculus	Sapindaceae	
Aethionema	Brassicaceae	
Aethusa	Apiaceae	
Aextoxicon	Aextoxicaceae	
Afgekia	Papilionaceae	
Afrocarpus	Podocarpaceae	
Afrocrocus	Iridaceae	
Agalinis	Scrophulariaceae	
Agapanthus	Agapanthaceae	
Agapetes	Ericaceae	
Agarista	Ericaceae	
Agastache	Lamiaceae	
Agathaea	Asteraceae	
Agathis	Araucariaceae	
Agathosma	Rutaceae	
Agave	Asparagaceae	
Ageratina	Asteraceae	
Ageratum	Asteraceae	
Aglaomorpha	Polypodiaceae	
Aglaonema	Araceae	
Agonis	Myrtaceae	
Agoseris	Asteraceae	
Agrimonia	Rosaceae	
Agropyron	Poaceae	
Agrostemma	Caryophyllaceae	
Agrostis	Poaceae	See also <g>Panicum</g>
Agrostocrinum	Phormiaceae	
Aichryson	Crassulaceae	
Ailanthus	Simaroubaceae	
Ainsliaea	Asteraceae	
Aiphanes	Arecaceae	
Ajania	Asteraceae	
Ajuga	Lamiaceae	
Akebia	Lardizabalaceae	
Alangium	Cornaceae	
Albizia	Mimosaceae	
Albuca	Asparagaceae	
Alcalthaea	Malvaceae	
Alcantarea	Bromeliaceae	
Alcea	Malvaceae	
Alchemilla	Rosaceae	
Aldrovanda	Droseraceae	
Alectorurus	Liliaceae	
Alectryon	Sapindaceae	
Aletris	Melanthiaceae	
Aliciella	Polemoniaceae	
Alisma	Alismataceae	
Alkanna	Boraginaceae	
Allagoptera	Arecaceae	
Allamanda	Apocynaceae	
Allardia	Asteraceae	
Alliaria	Brassicaceae	
Allium	Alliaceae	For A.siculum & A.nectaracsardium, see <g>Nectaroscordum</g>
Allocasuarina	Casuarinaceae	
Allophylus	Sapindaceae	
Allowissadula	Malvaceae	
Alniphyllum	Styracaceae	
Alnus	Betulaceae	
Alocasia	Araceae	
Aloe	Asphodelaceae	
Aloinopsis	Aizoaceae	
Alonsoa	Scrophulariaceae	
Alopecurus	Poaceae	
Alophia	Iridaceae	
Aloysia	Verbenaceae	
Alpinia	Zingiberaceae	
Alsobia	Gesneriaceae	
Alstroemeria	Alstroemeriaceae	
Alternanthera	Amaranthaceae	
Althaea	Malvaceae	
Altingia	Hamamelidaceae	
Alworthia	Asphodelaceae	
Alyogyne	Malvaceae	
Alyssoides	Brassicaceae	
Alyssum	Brassicaceae	
Amana	Liliaceae	
Amaranthus	Amaranthaceae	
Amarcrinum	Amaryllidaceae	
Amarine	Amaryllidaceae	
Amarygia	Amaryllidaceae	
Amaryllis	Amaryllidaceae	
Amberboa	Asteraceae	
Ambrosia	Asteraceae	
Ambrosina	Araceae	
Ambrosinia	Araceae	
Amelanchier	Rosaceae	
Amelasorbus	Rosaceae	
Amellus	Asteraceae	
Amianthium	Melanthiaceae	
Amianthum	Melanthiaceae	
Amicia	Papilionaceae	
Amitostigma	Orchidaceae	
Ammi	Apiaceae	See also <g>Visnaga</g>
Ammobium	Asteraceae	
Ammocharis	Amaryllidaceae	
Ammophila	Poaceae	
Amomum	Zingiberaceae	
Amomyrtus	Myrtaceae	
Amorpha	Papilionaceae	
Amorphophallus	Araceae	
Ampelaster	Asteraceae	
Ampelocalamus	Poaceae	
Ampelocissus	Vitaceae	
Ampelodesmos	Poaceae	
Ampelopsis	Vitaceae	
Amphicome	Bignoniaceae	
Amsonia	Apocynaceae	
Amygdalus	Rosaceae	
Amyris	Rutaceae	
Anacampseros	Portulacaceae	
Anacamptis	Orchidaceae	
Anacardium	Anacardiaceae	
Anacyclus	Asteraceae	
Anadenanthera	Mimosaceae	
Anagallis	Primulaceae	
Anagyris	Papilionaceae	
Ananas	Bromeliaceae	
Anaphalioides	Asteraceae	
Anaphalis	Asteraceae	
Anarrhinum	Plantaginaceae	
Anchusa	Boraginaceae	
Ancylostemon	Gesneriaceae	
Andrachne	Phyllanthaceae	Andrachne colchica is now renamed under <g>Leptopus</g>
Androcymbium	Colchicaceae	
Andrographis	Acanthaceae	
Andromeda	Ericaceae	
Andropogon	Poaceae	
Androsace	Primulaceae	
Androstoma	Ericaceae	
Andryala	Asteraceae	
Anemanthele	Poaceae	
Anemarrhena	Asparagaceae	
Anemia	Schizaeaceae	
Anemone	Ranunculaceae	
Anemonella	Ranunculaceae	
Anemonopsis	Ranunculaceae	
Anemopaegma	Bignoniaceae	
Anemopsis	Saururaceae	
Anethum	Apiaceae	
Angelica	Apiaceae	
Angelonia	Plantaginaceae	
Anigozanthos	Haemodoraceae	
Anigozanthus	Haemodoraceae	
Anisacanthus	Acanthaceae	
Anisodontea	Malvaceae	
Anisodus	Solanaceae	
Anisotome	Apiaceae	
Annona	Annonaceae	
Anoda	Malvaceae	
Anoiganthus	Amaryllidaceae	
Anomalesia	Iridaceae	
Anomatheca	Iridaceae	
Anopterus	Escalloniaceae	
Anredera	Basellaceae	
Antennaria	Asteraceae	
Antenoron	Polygonaceae	
Anthemis	Asteraceae	
Anthericum	Asparagaceae	
Anthocercis	Solanaceae	
Antholyza	Iridaceae	
Anthoxanthum	Poaceae	
Anthriscus	Apiaceae	
Anthurium	Araceae	
Anthyllis	Papilionaceae	
Antigonon	Polygonaceae	
Antirrhinum	Plantaginaceae	
Aphanes	Rosaceae	
Aphelandra	Acanthaceae	
Aphyllanthes	Asparagaceae	
Apios	Papilionaceae	
Apium	Apiaceae	
Apocynum	Apocynaceae	
Apodolirion	Amaryllidaceae	
Aponogeton	Aponogetonaceae	
Aptenia	Aizoaceae	
Aquilegia	Ranunculaceae	
Arabis	Brassicaceae	
Arachniodes	Dryopteridaceae	
Araiostegia	Davalliaceae	
Aralia	Araliaceae	
Araucaria	Araucariaceae	
Araujia	Apocynaceae	
Arbutus	Ericaceae	
Archidendron	Mimosaceae	
Archontophoenix	Arecaceae	
Arctanthemum	Asteraceae	
Arcterica	Ericaceae	
Arctium	Asteraceae	
Arctomecon	Papaveraceae	
Arctostaphylos	Ericaceae	
Arctotheca	Asteraceae	
Arctotis	Asteraceae	
Ardisia	Primulaceae	
Areca	Arecaceae	
Arecastrum	Arecaceae	
Arenaria	Caryophyllaceae	
Arenga	Arecaceae	
Argania	Sapotaceae	
Argemone	Papaveraceae	
Argylia	Bignoniaceae	
Argyranthemum	Asteraceae	
Argyreia	Convolvulaceae	
Argyrocytisus	Papilionaceae	
Argyroderma	Aizoaceae	
Ariopsis	Araceae	
Arisaema	Araceae	
Arisarum	Araceae	
Aristea	Iridaceae	
Aristida	Poaceae	
Aristolochia	Aristolochiaceae	
Aristotelia	Elaeocarpaceae	
Armeria	Plumbaginaceae	
Armoracia	Brassicaceae	
Arnebia	Boraginaceae	
Arnica	Asteraceae	
Arnoglossum	Asteraceae	
Aronia	Rosaceae	
Arracacia	Apiaceae	
Arrhenatherum	Poaceae	
Artedia	Apiaceae	
Artemisia	Asteraceae	
Arthrocnemum	Amaranthaceae	
Arthropodium	Asparagaceae	
Arthrostylidium	Poaceae	
Artocarpus	Moraceae	
Arum	Araceae	
Aruncus	Rosaceae	
Arundina	Orchidaceae	
Arundinaria	Poaceae	
Arundo	Poaceae	
Asarina	Plantaginaceae	
Asarum	Aristolochiaceae	
Asclepias	Apocynaceae	
Asimina	Annonaceae	
Askidiosperma	Restionaceae	
Asparagus	Asparagaceae	
Asperula	Rubiaceae	
Asphodeline	Asphodelaceae	
Asphodelus	Asphodelaceae	
Aspidistra	Asparagaceae	
Asplenium	Aspleniaceae	
Astartea	Myrtaceae	
Astelia	Asteliaceae	
Aster	Asteraceae	Many plants formerly in genus Aster have been reassigned. The majority have moved into <g>Symphyotrichum</g>. Others can be found under <g>Doellingeria</g>, <g>Eurybia</g>, <g>Galatella</g> or <g>Solidago</g>
Asteranthera	Gesneriaceae	
Asteriscus	Asteraceae	
Asteromoea	Asteraceae	
Asteropyrum	Ranunculaceae	
Asterotrichion	Malvaceae	
Astilbe	Saxifragaceae	
Astilboides	Saxifragaceae	
Astragalus	Papilionaceae	
Astranthium	Asteraceae	
Astrantia	Apiaceae	
Astrodaucus	Apiaceae	
Astrolepis	Pteridaceae	
Astrophytum	Cactaceae	
Astydamia	Apiaceae	
Asyneuma	Campanulaceae	
Asystasia	Acanthaceae	
Athamanta	Apiaceae	
Athanasia	Asteraceae	
Atherosperma	Atherospermataceae	
Athrotaxis	Cupressaceae	
Athyrium	Woodsiaceae	
Atractylodes	Asteraceae	
Atragene	Ranunculaceae	
Atraphaxis	Polygonaceae	
Atriplex	Amaranthaceae	
Atropa	Solanaceae	
Atropanthe	Solanaceae	
Aubretia	Brassicaceae	
Aubrieta	Brassicaceae	
Aucuba	Garryaceae	
Aulax	Proteaceae	
Aurinia	Brassicaceae	
Austrocedrus	Cupressaceae	
Austrocylindropuntia	Cactaceae	
Austromyrtus	Myrtaceae	
Avena	Poaceae	
Avenula	Poaceae	
Averrhoa	Oxalidaceae	
Ayapana	Asteraceae	
Azadirachta	Meliaceae	
Azalea	Ericaceae	
Azaleodendron	Ericaceae	
Azara	Salicaceae	
Azolla	Salviniaceae	
Azorella	Apiaceae	
Azorina	Campanulaceae	
Babiana	Iridaceae	
Baccharis	Asteraceae	
Backhousia	Myrtaceae	
Bacopa	Plantaginaceae	
Baeckea	Myrtaceae	
Baeometra	Colchicaceae	
Bahia	Asteraceae	
Baillonia	Verbenaceae	
Baimashania	Brassicaceae	
Balbisia	Ledocarpaceae	
Baldellia	Alismataceae	
Ballota	Lamiaceae	
Baloskion	Restionaceae	
Balsamita	Asteraceae	
Balsamorhiza	Asteraceae	
Bambusa	Poaceae	
Banisteriopsis	Malpighiaceae	
Banksia	Proteaceae	
Baptisia	Papilionaceae	
Barbarea	Brassicaceae	
Barleria	Acanthaceae	
Barnadesia	Asteraceae	
Barnardia	Asparagaceae	
Barosma	Rutaceae	
Bartlettina	Asteraceae	
Bartsia	Orobanchaceae	
Basella	Basellaceae	
Bashania	Poaceae	
Bassia	Amaranthaceae	
Basutica	Thymelaeaceae	
Bauera	Cunoniaceae	
Bauhinia	Caesalpiniaceae	
Baumea	Cyperaceae	
Beaucarnea	Asparagaceae	
Beaufortia	Myrtaceae	
Beaumontia	Apocynaceae	
Beauverdia	Alliaceae	
Beccariophoenix	Arecaceae	
Beckmannia	Poaceae	
Bedfordia	Asteraceae	
Beesia	Ranunculaceae	
Begonia	Begoniaceae	
Beilschmiedia	Lauraceae	
Belamcanda	Iridaceae	See Iris domestica <g>Iris</g>
Bellendena	Proteaceae	
Bellevalia	Asparagaceae	
Bellidiastrum	Asteraceae	
Bellis	Asteraceae	
Bellium	Asteraceae	
Belloa	Asteraceae	
Beloperone	Acanthaceae	
Bensoniella	Saxifragaceae	
Benthamiella	Solanaceae	
Berberidopsis	Berberidopsidaceae	
Berberis	Berberidaceae	
Berchemia	Rhamnaceae	
Bergbambos	Poaceae	
Bergenia	Saxifragaceae	
Bergera	Rutaceae	
Bergeranthus	Aizoaceae	
Berkheya	Asteraceae	
Berlandiera	Asteraceae	
Berneuxia	Diapensiaceae	
Berula	Apiaceae	
Berzelia	Bruniaceae	
Beschorneria	Asparagaceae	
Bessera	Asparagaceae	
Besseya	Plantaginaceae	
Beta	Amaranthaceae	
Betonica	Lamiaceae	
Betula	Betulaceae	
Beyeria	Euphorbiaceae	
Biarum	Araceae	
Bidens	Asteraceae	
Biebersteinia	Biebersteiniaceae	
Bignonia	Bignoniaceae	
Bilderdykia	Polygonaceae	
Billardiera	Pittosporaceae	
Billbergia	Bromeliaceae	
Biscutella	Brassicaceae	
Biserrula	Papilionaceae	
Bismarckia	Arecaceae	
Bistorta	Polygonaceae	
Bituminaria	Papilionaceae	
Bixa	Bixaceae	
Blachia	Euphorbiaceae	
Blackstonia	Gentianaceae	
Blandfordia	Blandfordiaceae	
Blastus	Melastomataceae	
Blechnum	Blechnaceae	
Blepharocalyx	Myrtaceae	
Blephilia	Lamiaceae	
Bletilla	Orchidaceae	
Blighia	Sapindaceae	
Bloomeria	Asparagaceae	
Blumea	Asteraceae	
Blumenbachia	Loasaceae	
Bocconia	Papaveraceae	
Boehmeria	Urticaceae	
Boenninghausenia	Rutaceae	
Boesenbergia	Zingiberaceae	
Boisduvalia	Onagraceae	
Bolandra	Saxifragaceae	
Bolax	Apiaceae	
Bolboschoenus	Cyperaceae	
Boltonia	Asteraceae	
Bolusanthus	Papilionaceae	
Bomarea	Alstroemeriaceae	
Bombax	Malvaceae	
Bonatea	Orchidaceae	
Bongardia	Berberidaceae	
Bonia	Poaceae	
Boophone	Amaryllidaceae	
Boquila	Lardizabalaceae	
Borago	Boraginaceae	
Borinda	Poaceae	
Bornmuellera	Brassicaceae	
Boronia	Rutaceae	
Boschniakia	Scrophulariaceae	
Boscia	Capparaceae	
Bossiaea	Papilionaceae	
Bothriochloa	Poaceae	
Botryostege	Ericaceae	
Bougainvillea	Nyctaginaceae	
Boussingaultia	Basellaceae	
Bouteloua	Poaceae	
Bouvardia	Rubiaceae	
Bowenia	Zamiaceae	
Bowiea	Asparagaceae	
Bowkeria	Stilbaceae	
Boykinia	Saxifragaceae	
Brachychilum	Zingiberaceae	
Brachychiton	Malvaceae	
Brachyelytrum	Poaceae	
Brachyglottis	Asteraceae	
Brachylaena	Asteraceae	
Brachyotum	Melastomataceae	
Brachypodium	Poaceae	
Brachyscome	Asteraceae	
Brachysema	Papilionaceae	
Brachystachyum	Poaceae	
Brachystelma	Apocynaceae	
Bracteantha	Asteraceae	
Brahea	Arecaceae	
Brainea	Blechnaceae	
Brasiliopuntia	Cactaceae	
Brassaia	Araliaceae	
Brassia	Orchidaceae	
Brassica	Brassicaceae	
Brassiophoenix	Arecaceae	
Bravoa	Asparagaceae	
Braya	Brassicaceae	
Bretschneidera	Akaniaceae	
Breynia	Phyllanthaceae	
Brickellia	Asteraceae	
Brigandra	Gesneriaceae	
Briggsia	Gesneriaceae	
Brighamia	Campanulaceae	
Brillantaisia	Acanthaceae	
Brimeura	Asparagaceae	
Briza	Poaceae	
Brocchinia	Bromeliaceae	
Brodiaea	Asparagaceae	
Bromus	Poaceae	
Broussonetia	Moraceae	
Browallia	Solanaceae	
Bruckenthalia	Ericaceae	
Brugmansia	Solanaceae	
Brunfelsia	Solanaceae	
Brunia	Bruniaceae	
Brunnera	Boraginaceae	
Brunonia	Goodeniaceae	
Brunscrinum	Amaryllidaceae	
Brunsvigia	Amaryllidaceae	
Bryanthus	Ericaceae	
Bryonia	Cucurbitaceae	
Bryophyllum	Crassulaceae	
Bryum	Sphagnaceae	
Buchloe	Poaceae	
Buddleja	Scrophulariaceae	
Buglossoides	Boraginaceae	
Bukiniczia	Plumbaginaceae	
Bulbine	Asphodelaceae	
Bulbinella	Asphodelaceae	
Bulbinopsis	Asphodelaceae	
Bulbocodium	Colchicaceae	
Bunias	Brassicaceae	
Bunium	Apiaceae	
Buphthalmum	Asteraceae	
Bupleurum	Apiaceae	
Burchardia	Colchicaceae	
Burchellia	Rubiaceae	
Bursaria	Pittosporaceae	
Butia	Arecaceae	
Butomus	Butomaceae	
Butyagrus	Arecaceae	
Buxus	Buxaceae	
Cacalia	Asteraceae	
Caccinia	Boraginaceae	
Cachrys	Apiaceae	
Caesalpinia	Caesalpiniaceae	
Caiophora	Loasaceae	
Cakile	Brassicaceae	
Caladenia	Orchidaceae	
Caladium	Araceae	
Calamagrostis	Poaceae	
Calamintha	Lamiaceae	
Calamovilfa	Poaceae	
Calamus	Arecaceae	
Calandrinia	Portulacaceae	
Calanthe	Orchidaceae	
Calathea	Marantaceae	
Calceolaria	Calceolariaceae	
Caldcluvia	Cunoniaceae	
Calea	Asteraceae	
Calendula	Asteraceae	
Calibanus	Asparagaceae	
Calibrachoa	Solanaceae	
Calicotome	Papilionaceae	
Calla	Araceae	
Calliandra	Mimosaceae	
Callianthemum	Ranunculaceae	
Callicarpa	Lamiaceae	
Callicoma	Cunoniaceae	
Calliergon	Sphagnaceae	
Callirhoe	Malvaceae	
Callisia	Commelinaceae	
Callistachys	Papilionaceae	
Callistemon	Myrtaceae	
Callistephus	Asteraceae	
Callitriche	Plantaginaceae	
Callitris	Cupressaceae	
Callitropsis	Cupressaceae	
Calluna	Ericaceae	
Calocedrus	Cupressaceae	
Calocephalus	Asteraceae	
Calochortus	Liliaceae	
Calomeria	Asteraceae	
Calonyction	Convolvulaceae	
Calophaca	Papilionaceae	
Calopogon	Orchidaceae	
Calopsis	Restionaceae	
Caloscordum	Alliaceae	
Calostemma	Amaryllidaceae	
Calothamnus	Myrtaceae	
Calotropis	Apocynaceae	
Calpurnia	Papilionaceae	
Caltha	Ranunculaceae	
Calycanthus	Calycanthaceae	
Calydorea	Iridaceae	
Calylophus	Onagraceae	
Calypso	Orchidaceae	
Calyptridium	Portulacaceae	
Calystegia	Convolvulaceae	
Calytrix	Myrtaceae	
Camassia	Asparagaceae	
Camellia	Theaceae	
Camissonia	Onagraceae	
Campanula	Campanulaceae	
Campanumoea	Campanulaceae	
Camphorosma	Amaranthaceae	
Campsis	Bignoniaceae	
Camptosema	Papilionaceae	
Camptosorus	Aspleniaceae	
Camptotheca	Nyssaceae	
Campylandra	Convallariaceae	
Campylotropis	Papilionaceae	
Cananga	Annonaceae	
Canarina	Campanulaceae	
Canavalia	Papilionaceae	
Candollea	Dilleniaceae	
Canistropsis	Bromeliaceae	
Canna	Cannaceae	
Cannomois	Restionaceae	
Cantleya	Icacinaceae	
Cantua	Polemoniaceae	
Capeochloa	Poaceae	
Capnoides	Papaveraceae	
Capparis	Capparaceae	
Capsella	Brassicaceae	
Capsicum	Solanaceae	
Caputia	Asteraceae	
Caragana	Papilionaceae	
Caralluma	Apocynaceae	
Cardamine	Brassicaceae	
Cardiandra	Hydrangeaceae	
Cardiocrinum	Liliaceae	
Cardiospermum	Sapindaceae	
Carduncellus	Asteraceae	
Carduus	Asteraceae	
Carex	Cyperaceae	
Carica	Caricaceae	
Carissa	Apocynaceae	
Carlina	Asteraceae	
Carmichaelia	Papilionaceae	
Carmispartium	Papilionaceae	
Carpenteria	Hydrangeaceae	
Carpesium	Asteraceae	
Carpinus	Betulaceae	
Carpobrotus	Aizoaceae	
Carpodetus	Rousseaceae	
Carrierea	Salicaceae	
Carthamus	Asteraceae	
Carum	Apiaceae	
Carya	Juglandaceae	
Caryophyllus	Myrtaceae	
Caryopteris	Lamiaceae	
Caryota	Arecaceae	
Cassandra	Ericaceae	
Cassia	Caesalpiniaceae	
Cassinia	Asteraceae	
Cassiope	Ericaceae	
Castanea	Fagaceae	
Castanopsis	Fagaceae	
Castanospermum	Papilionaceae	
Castilleja	Orobanchaceae	
Casuarina	Casuarinaceae	
Catalpa	Bignoniaceae	
Catananche	Asteraceae	
Catapodium	Poaceae	
Catha	Celastraceae	
Catharanthus	Apocynaceae	
Cathaya	Pinaceae	
Cathcartia	Papaveraceae	
Catopsis	Bromeliaceae	
Cattleya	Orchidaceae	
Caulokaempferia	Zingiberaceae	
Caulophyllum	Berberidaceae	
Cautleya	Zingiberaceae	
Cavendishia	Ericaceae	
Cayratia	Vitaceae	
Ceanothus	Rhamnaceae	
Cedrela	Meliaceae	
Cedronella	Lamiaceae	
Cedrus	Pinaceae	
Ceiba	Malvaceae	
Celastrus	Celastraceae	
Celmisia	Asteraceae	
Celosia	Amaranthaceae	
Celsia	Scrophulariaceae	
Celsioverbascum	Scrophulariaceae	
Celtica	Poaceae	
Celtis	Cannabaceae	
Cenolophium	Apiaceae	
Centaurea	Asteraceae	
Centaurium	Gentianaceae	
Centella	Apiaceae	
Centradenia	Melastomataceae	
Centranthus	Caprifoliaceae	
Centratherum	Asteraceae	
Centropogon	Campanulaceae	
Cephalanthera	Orchidaceae	
Cephalanthus	Rubiaceae	
Cephalaria	Caprifoliaceae	
Cephalipterum	Asteraceae	
Cephalophyllum	Aizoaceae	
Cephalotaxus	Taxaceae	
Cephalotus	Cephalotaceae	
Cerastium	Caryophyllaceae	
Ceratocapnos	Papaveraceae	
Ceratoides	Chenopodiaceae	
Ceratonia	Caesalpiniaceae	
Ceratophyllum	Ceratophyllaceae	
Ceratostigma	Plumbaginaceae	
Ceratotheca	Pedaliaceae	
Cercestis	Araceae	
Cercidiphyllum	Cercidiphyllaceae	
Cercis	Caesalpiniaceae	
Cercocarpus	Rosaceae	
Cereus	Cactaceae	
Cerinthe	Boraginaceae	
Ceropegia	Apocynaceae	
Ceroxylon	Arecaceae	
Cestrum	Solanaceae	
Ceterach	Aspleniaceae	
Chaenactis	Asteraceae	
Chaenomeles	Rosaceae	
Chaenorhinum	Plantaginaceae	
Chaenostoma	Scrophulariaceae	
Chaerophyllum	Apiaceae	
Chaetacanthus	Acanthaceae	
Chamaebatiaria	Rosaceae	
Chamaecrista	Caesalpiniaceae	
Chamaecyparis	Cupressaceae	
Chamaecytisus	Papilionaceae	
Chamaedaphne	Ericaceae	
Chamaedorea	Arecaceae	
Chamaelirium	Melanthiaceae	
Chamaemelum	Asteraceae	
Chamaenerion	Onagraceae	
Chamaepericlymenum	Cornaceae	
Chamaerhodos	Rosaceae	
Chamaerops	Arecaceae	
Chamaescilla	Asparagaceae	
Chamaespartium	Papilionaceae	
Chamaesphacos	Lamiaceae	
Chambeyronia	Arecaceae	
Chamelaucium	Myrtaceae	
Chamerion	Onagraceae	
Chara	Characeae	
Charybdis	Asparagaceae	
Chasmanthe	Iridaceae	
Chasmanthium	Poaceae	
Chasmatophyllum	Aizoaceae	
Cheilanthes	Pteridaceae	
Cheiranthus	Brassicaceae	
Cheiridopsis	Aizoaceae	
Cheirolophus	Asteraceae	
Chelidonium	Papaveraceae	
Chelone	Plantaginaceae	
Chelonopsis	Lamiaceae	
Chengiopanax	Araliaceae	
Chenopodium	Amaranthaceae	
Chevreulia	Asteraceae	
Chiastophyllum	Crassulaceae	
Chiliotrichum	Asteraceae	
Chilopsis	Bignoniaceae	
Chimaphila	Ericaceae	
Chimonanthus	Calycanthaceae	
Chimonobambusa	Poaceae	
Chiogenes	Ericaceae	
Chionanthus	Oleaceae	
Chionochloa	Poaceae	
Chionodoxa	Asparagaceae	See <g>Scilla</g>
Chionographis	Melanthiaceae	
Chionohebe	Plantaginaceae	
Chionophila	Scrophulariaceae	
Chionoscilla	Asparagaceae	
Chiranthodendron	Malvaceae	
Chirita	Gesneriaceae	
Chironia	Gentianaceae	
Chitalpa	Bignoniaceae	
Chlidanthus	Amaryllidaceae	
Chloranthus	Chloranthaceae	
Chloris	Poaceae	
Chlorogalum	Asparagaceae	
Chlorophytum	Asparagaceae	
Choisya	Rutaceae	
Chondropetalum	Restionaceae	
Chondrosum	Poaceae	
Chonemorpha	Apocynaceae	
Chordospartium	Papilionaceae	
Chorisia	Malvaceae	
Chorispora	Brassicaceae	
Chorizema	Papilionaceae	
Chromolaena	Asteraceae	
Chronanthus	Papilionaceae	
Chrysalidocarpus	Arecaceae	
Chrysanthemopsis	Asteraceae	
Chrysanthemum	Asteraceae	For C. maximum see L. x superbum under <g>Leucanthemum</g>
Chrysocephalum	Asteraceae	
Chrysocoma	Asteraceae	
Chrysogonum	Asteraceae	
Chrysolepis	Fagaceae	
Chrysopogon	Poaceae	
Chrysopsis	Asteraceae	
Chrysosplenium	Saxifragaceae	
Chrysothamnus	Asteraceae	
Chrysothemis	Gesneriaceae	
Chuniophoenix	Arecaceae	
Chuquiraga	Asteraceae	
Chusquea	Poaceae	
Cibotium	Cibotiaceae	
Cicerbita	Asteraceae	
Cichorium	Asteraceae	
Cicuta	Apiaceae	
Cimicifuga	Ranunculaceae	
Cineraria	Asteraceae	
Cinnamomum	Lauraceae	
Cionura	Apocynaceae	
Circaea	Onagraceae	
Cirsium	Asteraceae	
Cissus	Vitaceae	
Cistus	Cistaceae	
Citharexylum	Verbenaceae	
Citrofortunella	Rutaceae	
Citroncirus	Rutaceae	
Citronella	Icacinaceae	
Citrullus	Cucurbitaceae	
Citrus	Rutaceae	
Cladanthus	Asteraceae	
Cladium	Cyperaceae	
Cladothamnus	Ericaceae	
Cladrastis	Papilionaceae	
Clarkia	Onagraceae	
Clausia	Brassicaceae	
Clavinodum	Poaceae	
Claytonia	Portulacaceae	
Clematis	Ranunculaceae	
Clematopsis	Ranunculaceae	
Clementsia	Crassulaceae	
Cleome	Cleomaceae	
Cleretum	Aizoaceae	
Clerodendrum	Lamiaceae	For Clerodendrum myricoides see <g>Rotheca</g>
Clethra	Clethraceae	
Cleyera	Pentaphylacaceae	
Clianthus	Papilionaceae	
Clinanthus	Amaryllidaceae	
Clinopodium	Lamiaceae	
Clintonia	Liliaceae	
Clitoria	Papilionaceae	
Clivia	Amaryllidaceae	
Clusia	Clusiaceae	
Clypeola	Brassicaceae	
Clytostoma	Bignoniaceae	
Cneorum	Rutaceae	
Cnicus	Asteraceae	
Cnidium	Apiaceae	
Coaxana	Apiaceae	
Cobaea	Polemoniaceae	
Coccinia	Cucurbitaceae	
Coccoloba	Polygonaceae	
Coccothrinax	Arecaceae	
Cocculus	Menispermaceae	
Cochlearia	Brassicaceae	
Cochliasanthus	Papilionaceae	
Cocos	Arecaceae	
Codariocalyx	Papilionaceae	
Coddia	Rubiaceae	
Codiaeum	Euphorbiaceae	
Codonanthe	Gesneriaceae	
Codonatanthus	Gesneriaceae	
Codonopsis	Campanulaceae	
Coffea	Rubiaceae	
Coincya	Brassicaceae	
Coix	Poaceae	
Colchicum	Colchicaceae	
Coleonema	Rutaceae	
Coleus	Lamiaceae	
Colignonia	Nyctaginaceae	
Colletia	Rhamnaceae	
Colliguaja	Euphorbiaceae	
Collinsia	Scrophulariaceae	
Collinsonia	Lamiaceae	
Collomia	Polemoniaceae	
Collospermum	Asteliaceae	
Colobanthus	Caryophyllaceae	
Colocasia	Araceae	
Colquhounia	Lamiaceae	
Columnea	Gesneriaceae	
Coluria	Rosaceae	
Colutea	Papilionaceae	
Coluteocarpus	Brassicaceae	
Colvillea	Caesalpiniaceae	
Colysis	Polypodiaceae	
Comarum	Rosaceae	
Combretum	Combretaceae	
Commelina	Commelinaceae	
Commidendrum	Asteraceae	
Commiphora	Burseraceae	
Comospermum	Asparagaceae	
Comptonia	Myricaceae	
Conandron	Gesneriaceae	
Conanthera	Tecophilaeaceae	
Congea	Verbenaceae	
Conicosia	Aizoaceae	
Coniogramme	Pteridaceae	
Conioselinum	Apiaceae	
Conium	Apiaceae	
Conocephalum	Conocephalaceae	
Conoclinium	Asteraceae	
Conopodium	Apiaceae	
Conostylis	Haemodoraceae	
Conradina	Lamiaceae	
Conringia	Brassicaceae	
Consolea	Cactaceae	
Consolida	Ranunculaceae	
Convallaria	Asparagaceae	
Convolvulus	Convolvulaceae	
Cooperanthes	Amaryllidaceae	
Cooperia	Amaryllidaceae	
Copernicia	Arecaceae	
Coprosma	Rubiaceae	
Coptis	Ranunculaceae	
Coralia	Papilionaceae	
Corallospartium	Papilionaceae	
Cordyline	Asparagaceae	
Coreopsis	Asteraceae	
Corethrogyne	Asteraceae	
Coriandrum	Apiaceae	
Coriaria	Coriariaceae	
Coris	Primulaceae	
Cornukaempferia	Zingiberaceae	
Cornus	Cornaceae	
Corokia	Argyrophyllaceae	
Coronilla	Papilionaceae	
Correa	Rutaceae	
Cortaderia	Poaceae	
Cortia	Apiaceae	
Cortiella	Apiaceae	
Cortusa	Primulaceae	
Corybas	Orchidaceae	
Corydalis	Papaveraceae	
Corylopsis	Hamamelidaceae	
Corylus	Betulaceae	
Corymbia	Myrtaceae	
Corymbium	Asteraceae	
Corynabutilon	Malvaceae	
Corynephorus	Poaceae	
Corynocarpus	Corynocarpaceae	
Corynopuntia	Cactaceae	
Cosmos	Asteraceae	
Costus	Costaceae	
Cotinus	Anacardiaceae	
Cotoneaster	Rosaceae	
Cotula	Asteraceae	
Cotyledon	Crassulaceae	
Cousinia	Asteraceae	
Cowania	Rosaceae	
Coxella	Apiaceae	
Craibiodendron	Ericaceae	
Crambe	Brassicaceae	
Craspedia	Asteraceae	
Crassothonna	Asteraceae	
Crassula	Crassulaceae	
Crataegomespilus	Rosaceae	
Crataegosorbus	Rosaceae	
Crataegus	Rosaceae	
Crataemespilus	Rosaceae	
Craterocapsa	Campanulaceae	
Craterostigma	Scrophulariaceae	
Crawfurdia	Gentianaceae	
Cremanthodium	Asteraceae	
Cremastra	Orchidaceae	
Cremnosedum	Crassulaceae	
Crenularia	Brassicaceae	
Crepis	Asteraceae	
Crinitaria	Asteraceae	
Crinodendron	Elaeocarpaceae	
Crinum	Amaryllidaceae	
Criogenes	Orchidaceae	
Cristaria	Malvaceae	
Crithmum	Apiaceae	
Crocosmia	Iridaceae	For Crocosmia paniculata See <g>Curtonus</g>
Crocus	Iridaceae	
Croomia	Stemonaceae	
Crossandra	Acanthaceae	
Crossyne	Amaryllidaceae	
Crotalaria	Papilionaceae	
Croton	Euphorbiaceae	
Crowea	Rutaceae	
Crucianella	Rubiaceae	
Cruciata	Rubiaceae	
Crusea	Rubiaceae	
Cryptantha	Boraginaceae	
Cryptanthus	Bromeliaceae	
Cryptbergia	Bromeliaceae	
Cryptocarya	Lauraceae	
Cryptocoryne	Araceae	
Cryptogramma	Pteridaceae	
Cryptomeria	Cupressaceae	
Cryptostegia	Apocynaceae	
Cryptotaenia	Apiaceae	
Ctenanthe	Marantaceae	
Ctenitis	Dryopteridaceae	
Ctenium	Poaceae	
Cucubalus	Caryophyllaceae	
Cucumis	Cucurbitaceae	
Cucurbita	Cucurbitaceae	
Cudrania	Moraceae	
Culcita	Dicksoniaceae	
Cuminum	Apiaceae	
Cumulopuntia	Cactaceae	
Cunila	Lamiaceae	
Cunninghamia	Cupressaceae	
Cunonia	Cunoniaceae	
Cuphea	Lythraceae	
Cupressocyparis	Cupressaceae	
Cupressus	Cupressaceae	
Cuprocyparis	Cupressaceae	
Curculigo	Hypoxidaceae	
Curcuma	Zingiberaceae	
Curcumorpha	Zingiberaceae	
Curio	Asteraceae	
Curtonus	Iridaceae	
Cuscuta	Convolvulaceae	
Cuspidaria	Bignoniaceae	
Cussonia	Araliaceae	
Cyananthus	Campanulaceae	
Cyanastrum	Tecophilaeaceae	
Cyanella	Tecophilaeaceae	
Cyanotis	Commelinaceae	
Cyathea	Cyatheaceae	
Cyathodes	Ericaceae	
Cybistetes	Amaryllidaceae	
Cycas	Cycadaceae	
Cyclamen	Primulaceae	
Cyclanthera	Cucurbitaceae	
Cyclea	Menispermaceae	
Cyclosorus	Thelypteridaceae	
Cydista	Bignoniaceae	
Cydonia	Rosaceae	
Cylindropuntia	Cactaceae	
Cymbalaria	Plantaginaceae	
Cymbidium	Orchidaceae	
Cymbopogon	Poaceae	
Cymophyllus	Cyperaceae	
Cymopterus	Apiaceae	
Cynanchum	Apocynaceae	
Cynara	Asteraceae	
Cynodon	Poaceae	
Cynoglossum	Boraginaceae	
Cynoglottis	Boraginaceae	
Cynosurus	Poaceae	
Cypella	Iridaceae	
Cyperus	Cyperaceae	
Cyphanthera	Solanaceae	
Cyphia	Campanulaceae	
Cyphomandra	Solanaceae	
Cyphostemma	Vitaceae	
Cypripedium	Orchidaceae	
Cyrilla	Cyrillaceae	
Cyrtanthus	Amaryllidaceae	
Cyrtomium	Dryopteridaceae	
Cyrtosperma	Araceae	
Cyrtostylis	Orchidaceae	
Cysticapnos	Papaveraceae	
Cystopteris	Woodsiaceae	
Cytisophyllum	Papilionaceae	
Cytisopsis	Papilionaceae	
Cytisus	Papilionaceae	
Daboecia	Ericaceae	
Dacrycarpus	Podocarpaceae	
Dacrydium	Podocarpaceae	
Dactylicapnos	Papaveraceae	
Dactylis	Poaceae	
Dactyloglossum	Orchidaceae	
Dactylorhiza	Orchidaceae	
Dahlia	Asteraceae	
Dais	Thymelaeaceae	
Daiswa	Trilliaceae	
Dalea	Papilionaceae	
Dalechampia	Euphorbiaceae	
Damasonium	Alismataceae	
Dampiera	Goodeniaceae	
Danae	Asparagaceae	
Danthonia	Poaceae	
Daphne	Thymelaeaceae	
Daphniphyllum	Daphniphyllaceae	
Darlingtonia	Sarraceniaceae	
Darmera	Saxifragaceae	
Darwinia	Myrtaceae	
Dasylirion	Asparagaceae	
Dasyphyllum	Asteraceae	
Dasypyrum	Poaceae	
Datisca	Datiscaceae	
Datura	Solanaceae	
Daubenya	Asparagaceae	
Daucus	Apiaceae	
Davallia	Davalliaceae	
Davidia	Nyssaceae	
Daviesia	Papilionaceae	
Debregeasia	Urticaceae	
Decaisnea	Lardizabalaceae	
Decodon	Lythraceae	
Decumaria	Hydrangeaceae	
Degenia	Brassicaceae	
Deinanthe	Hydrangeaceae	
Delairea	Asteraceae	
Delonix	Caesalpiniaceae	
Delosperma	Aizoaceae	
Delphinium	Ranunculaceae	
Dendranthema	Asteraceae	
Dendriopoterium	Rosaceae	
Dendrobenthamia	Cornaceae	
Dendrobium	Orchidaceae	
Dendrocalamus	Poaceae	
Dendromecon	Papaveraceae	
Dendropanax	Araliaceae	
Dendroseris	Asteraceae	
Dennstaedtia	Dennstaedtiaceae	
Dentaria	Brassicaceae	
Deparia	Woodsiaceae	
Dermatobotrys	Scrophulariaceae	
Derris	Papilionaceae	
Derwentia	Scrophulariaceae	
Deschampsia	Poaceae	
Descurainia	Brassicaceae	
Desfontainia	Loganiaceae	
Desmanthus	Mimosaceae	
Desmazeria	Poaceae	
Desmodium	Papilionaceae	
Desmos	Annonaceae	
Desmoschoenus	Cyperaceae	
Deuterocohnia	Bromeliaceae	
Deutzia	Hydrangeaceae	
Diabelia	Caprifoliaceae	
Dianella	Hemerocallidaceae	
Dianthus	Caryophyllaceae	
Diapensia	Diapensiaceae	
Diarrhena	Poaceae	
Diascia	Scrophulariaceae	
Diaspananthus	Compositae	
Dicentra	Papaveraceae	See also <g>Lamprocapnos</g>
Dichelachne	Poaceae	
Dichelostemma	Asparagaceae	
Dichocarpum	Ranunculaceae	
Dichondra	Convolvulaceae	
Dichopogon	Asparagaceae	
Dichorisandra	Commelinaceae	
Dichotomanthes	Rosaceae	
Dichroa	Hydrangeaceae	
Dichromena	Cyperaceae	
Dichrostachys	Mimosaceae	
Dicksonia	Dicksoniaceae	
Dicliptera	Acanthaceae	
Dicoma	Asteraceae	
Dicranostigma	Papaveraceae	
Dictamnus	Rutaceae	
Dictyolimon	Plumbaginaceae	
Dictyosperma	Arecaceae	
Didrangea	Hydrangeaceae	
Didymochlaena	Dryopteridaceae	
Didymosperma	Arecaceae	
Dieffenbachia	Araceae	
Dierama	Iridaceae	
Diervilla	Caprifoliaceae	
Dietes	Iridaceae	
Digitalis	Plantaginaceae	
Dilatris	Haemodoraceae	
Dimorphocarpa	Brassicaceae	
Dimorphotheca	Asteraceae	
Diocirea	Scrophulariaceae	
Dionaea	Droseraceae	
Dionysia	Primulaceae	
Dioon	Zamiaceae	
Dioscorea	Dioscoreaceae	
Diosma	Rutaceae	
Diosphaera	Campanulaceae	
Diospyros	Ebenaceae	
Diostea	Verbenaceae	
Dipcadi	Asparagaceae	
Dipelta	Caprifoliaceae	
Diphylleia	Berberidaceae	
Dipidax	Colchicaceae	
Diplacus	Scrophulariaceae	
Dipladenia	Apocynaceae	
Diplarche	Ericaceae	
Diplarrena	Iridaceae	
Diplarrhena	Iridaceae	
Diplazium	Woodsiaceae	
Diplolaena	Rutaceae	
Diplopanax	Cornaceae	
Diplostephium	Asteraceae	
Diplotaxis	Brassicaceae	
Dipogon	Papilionaceae	
Dipsacus	Caprifoliaceae	
Dipteracanthus	Acanthaceae	
Dipteronia	Sapindaceae	
Disa	Orchidaceae	
Disanthus	Hamamelidaceae	
Discaria	Rhamnaceae	
Dischidia	Apocynaceae	
Diselma	Cupressaceae	
Disepalum	Annonaceae	
Disphyma	Aizoaceae	
Disporopsis	Asparagaceae	
Disporum	Colchicaceae	
Dissotis	Melastomataceae	
Distictis	Bignoniaceae	
Distyliopsis	Hamamelidaceae	
Distylium	Hamamelidaceae	
Dithyrea	Brassicaceae	
Dittrichia	Asteraceae	
Diuranthera	Anthericaceae	
Diuris	Orchidaceae	
Dizygotheca	Araliaceae	
Dobinea	Anacardiaceae	
Dodecadenia	Lauraceae	
Dodecatheon	Primulaceae	
Dodonaea	Sapindaceae	
Doellingeria	Asteraceae	
Dolichandra	Bignoniaceae	
Dolichos	Papilionaceae	
Dolichothrix	Asteraceae	
Dolomiaea	Asteraceae	
Dombeya	Malvaceae	
Dondia	Apiaceae	
Doodia	Blechnaceae	
Doronicum	Asteraceae	
Dorotheanthus	Aizoaceae	
Doryanthes	Doryanthaceae	
Dorycnium	Papilionaceae	
Doryopteris	Pteridaceae	
Douglasia	Primulaceae	
Dovea	Restionaceae	
Dovyalis	Salicaceae	
Doxantha	Bignoniaceae	
Draba	Brassicaceae	
Dracaena	Asparagaceae	
Dracocephalum	Lamiaceae	
Dracophyllum	Ericaceae	
Dracunculus	Araceae	
Draperia	Boraginaceae	
Drapetes	Thymelaeaceae	
Dregea	Apocynaceae	
Drepanocladus	Amblystegiaceae	
Drepanostachyum	Poaceae	
Drimia	Asparagaceae	
Drimiopsis	Asparagaceae	
Drimys	Winteraceae	
Drosanthemum	Aizoaceae	
Drosera	Droseraceae	
Drosophyllum	Drosophyllaceae	
Dryandra	Proteaceae	
Dryas	Rosaceae	
Drynaria	Polypodiaceae	
Dryopteris	Dryopteridaceae	
Drypis	Caryophyllaceae	
Duchesnea	Rosaceae	
Dudleya	Crassulaceae	
Dugaldia	Asteraceae	
Dulichium	Cyperaceae	
Dumasia	Papilionaceae	
Dumortiera	Weisnerellaceae	
Dunalia	Solanaceae	
Duranta	Verbenaceae	
Duvalia	Apocynaceae	
Duvernoia	Acanthaceae	
Dyckia	Bromeliaceae	
Dymondia	Asteraceae	
Dypsis	Arecaceae	
Dyschoriste	Acanthaceae	
Dysosma	Berberidaceae	
Dystaenia	Apiaceae	
Ebenus	Papilionaceae	
Ebracteola	Aizoaceae	
Ecballium	Cucurbitaceae	
Eccremocarpus	Bignoniaceae	
Echeandia	Asparagaceae	
Echeveria	Crassulaceae	
Echidnopsis	Apocynaceae	
Echinacea	Asteraceae	
Echinocactus	Cactaceae	
Echinocereus	Cactaceae	
Echinocystis	Cucurbitaceae	
Echinodorus	Alismataceae	
Echinops	Asteraceae	
Echinopsis	Cactaceae	
Echinospartum	Papilionaceae	
Echium	Boraginaceae	
Eclipta	Asteraceae	
Ectotropis	Aizoaceae	
Edgeworthia	Thymelaeaceae	
Edraianthus	Campanulaceae	
Egeria	Hydrocharitaceae	
Ehrendorferia	Papaveraceae	
Ehretia	Boraginaceae	
Ehrharta	Poaceae	
Eichhornia	Pontederiaceae	
Elaeagnus	Elaeagnaceae	
Elaeocarpus	Elaeocarpaceae	
Elatostema	Urticaceae	
Elegia	Restionaceae	
Eleocharis	Cyperaceae	
Eleorchis	Orchidaceae	
Elephantopus	Asteraceae	
Elettaria	Zingiberaceae	
Eleusine	Poaceae	
Eleutherococcus	Araliaceae	
Elingamita	Primulaceae	
Elisena	Amaryllidaceae	
Elliottia	Ericaceae	
Ellisiophyllum	Plantaginaceae	
Elmera	Saxifragaceae	
Elodea	Hydrocharitaceae	
Elsholtzia	Lamiaceae	
Elymus	Poaceae	
Elytrigia	Poaceae	
Elytropus	Apocynaceae	
Embothrium	Proteaceae	
Emilia	Asteraceae	
Eminium	Araceae	
Emmenopterys	Rubiaceae	
Empetrum	Ericaceae	
Empodium	Hypoxidaceae	
Enantiophylla	Apiaceae	
Encelia	Asteraceae	
Enceliopsis	Asteraceae	
Encephalartos	Zamiaceae	
Enchylaena	Amaranthaceae	
Encyclia	Orchidaceae	
Endymion	Asparagaceae	
Engelmannia	Asteraceae	
Enkianthus	Ericaceae	
Ennealophus	Iridaceae	
Ensete	Musaceae	
Entelea	Malvaceae	
Enterolobium	Mimosaceae	
Eomecon	Papaveraceae	
Epacris	Ericaceae	
Ephedra	Ephedraceae	
Epidendrum	Orchidaceae	
Epigaea	Ericaceae	
Epigeneium	Orchidaceae	
Epilobium	Onagraceae	
Epimedium	Berberidaceae	
Epipactis	Orchidaceae	
Epiphyllum	Cactaceae	
Epipremnum	Araceae	
Episcia	Gesneriaceae	
Equisetum	Equisetaceae	
Eragrostis	Poaceae	
Eranthemum	Acanthaceae	
Eranthis	Ranunculaceae	
Ercilla	Phytolaccaceae	
Eremaea	Myrtaceae	
Eremophila	Scrophulariaceae	
Eremostachys	Lamiaceae	
Eremurus	Asphodelaceae	
Erepsia	Aizoaceae	
Erianthus	Poaceae	
Eriastrum	Polemoniaceae	
Erica	Ericaceae	
Ericameria	Asteraceae	
Erigeron	Asteraceae	
Erinacea	Papilionaceae	
Erinus	Plantaginaceae	
Eriobotrya	Rosaceae	
Eriocapitella	Ranunculaceae	
Eriocephalus	Asteraceae	
Eriogonum	Polygonaceae	
Eriophorum	Cyperaceae	
Eriophyllum	Asteraceae	
Eriophyton	Lamiaceae	
Eriospermum	Liliaceae	
Eriostemon	Rutaceae	
Eritrichium	Boraginaceae	
Erodium	Geraniaceae	
Erpetion	Violaceae	
Eruca	Brassicaceae	
Eryngium	Apiaceae	
Erysimum	Brassicaceae	
Erythraea	Gentianaceae	
Erythrina	Papilionaceae	
Erythronium	Liliaceae	
Escallonia	Escalloniaceae	
Eschscholzia	Papaveraceae	
Escobaria	Cactaceae	
Espeletia	Asteraceae	
Esterhuysenia	Aizoaceae	
Etlingera	Zingiberaceae	
Eubotryoides	Ericaceae	
Eubotrys	Ericaceae	
Eucalyptus	Myrtaceae	
Eucharidium	Onagraceae	
Eucharis	Amaryllidaceae	
Eucodonia	Gesneriaceae	
Eucomis	Asparagaceae	
Eucommia	Eucommiaceae	
Eucrosia	Amaryllidaceae	
Eucryphia	Cunoniaceae	
Eugenia	Myrtaceae	
Eumorphia	Asteraceae	
Eunomia	Brassicaceae	
Euodia	Rutaceae	
Euonymus	Celastraceae	
Eupatoriadelphus	Compositae	
Eupatorium	Asteraceae	
Euphorbia	Euphorbiaceae	
Euphrasia	Orobanchaceae	
Euptelea	Eupteleaceae	
Eurya	Pentaphylacaceae	
Euryale	Nymphaeaceae	
Eurybia	Asteraceae	
Euryops	Asteraceae	
Eurystyles	Orchidaceae	
Euscaphis	Staphyleaceae	
Eustachys	Poaceae	
Eustephia	Amaryllidaceae	
Eustoma	Gentianaceae	
Eustrephus	Philesiaceae	
Eutaxia	Papilionaceae	
Euterpe	Arecaceae	
Euthamia	Asteraceae	
Eutrema	Brassicaceae	
Eutrochium	Asteraceae	
Evolvulus	Convolvulaceae	
Ewartia	Asteraceae	
Exacum	Gentianaceae	
Exbucklandia	Hamamelidaceae	
Exochorda	Rosaceae	
Fabiana	Solanaceae	
Fagopyrum	Polygonaceae	
Fagraea	Gentianaceae	
Fagus	Fagaceae	
Falkia	Convolvulaceae	
Fallopia	Polygonaceae	
Fallugia	Rosaceae	
Faradaya	Verbenaceae	
Farfugium	Asteraceae	
Fargesia	Poaceae	
Farsetia	Brassicaceae	
Fascicularia	Bromeliaceae	
Fatshedera	Araliaceae	
Fatsia	Araliaceae	
Faucaria	Aizoaceae	
Fauria	Menyanthaceae	
Fedia	Valerianaceae	
Feijoa	Myrtaceae	
Felicia	Asteraceae	
Fenestraria	Aizoaceae	
Ferocactus	Cactaceae	
Ferraria	Iridaceae	
Ferreyranthus	Asteraceae	
Ferula	Apiaceae	
Ferulago	Apiaceae	
Festuca	Poaceae	
Fibigia	Brassicaceae	
Ficaria	Ranunculaceae	
Ficinia	Cyperaceae	
Ficus	Moraceae	
Filipendula	Rosaceae	
Fingerhuthia	Poaceae	
Firmiana	Malvaceae	
Fittonia	Acanthaceae	
Fitzroya	Cupressaceae	
Fleischmannia	Asteraceae	
Flueggea	Phyllanthaceae	
Fockea	Apocynaceae	
Foeniculum	Apiaceae	
Fokienia	Cupressaceae	
Fontanesia	Oleaceae	
Fontinalis	Fontinalaceae	
Forestiera	Oleaceae	
Forsythia	Oleaceae	
Fortucitroncirus	Rutaceae	
Fortunatia	Liliaceae	
Fortunearia	Hamamelidaceae	
Fortunella	Rutaceae	
Fothergilla	Hamamelidaceae	
Fouquieria	Fouquieriaceae	
Fragaria	Rosaceae	
Francoa	Francoaceae	
Frangula	Rhamnaceae	
Frankenia	Frankeniaceae	
Franklinia	Theaceae	
Frasera	Gentianaceae	
Fraxinus	Oleaceae	
Freesia	Iridaceae	
Fremontodendron	Malvaceae	
Freylinia	Scrophulariaceae	
Frithia	Aizoaceae	
Fritillaria	Liliaceae	
Fuchsia	Onagraceae	
Fumana	Cistaceae	
Fumaria	Papaveraceae	
Furcraea	Asparagaceae	
Gagea	Liliaceae	
Gahnia	Cyperaceae	
Gaillardia	Asteraceae	
Galactites	Asteraceae	
Galanthus	Amaryllidaceae	
Galatella	Asteraceae	
Galax	Diapensiaceae	
Galaxia	Iridaceae	
Galearis	Orchidaceae	
Galega	Papilionaceae	
Galeobdolon	Lamiaceae	
Galeopsis	Lamiaceae	
Galium	Rubiaceae	
Galphimia	Malpighiaceae	
Galpinia	Lythraceae	
Galtonia	Asparagaceae	
Galvezia	Plantaginaceae	
Gamblea	Araliaceae	
Gamochaeta	Asteraceae	
Gamolepis	Asteraceae	
Garcinia	Clusiaceae	
Gardenia	Rubiaceae	
Garrya	Garryaceae	
Garuleum	Asteraceae	
Gasteraloe	Asphodelaceae	
Gasteria	Asphodelaceae	
Gaulnettya	Ericaceae	
Gaultheria	Ericaceae	
Gaura	Onagraceae	
Gaussia	Arecaceae	
Gaylussacia	Ericaceae	
Gazania	Asteraceae	
Geissorhiza	Iridaceae	
Gelasine	Iridaceae	
Gelidocalamus	Poaceae	
Gelsemium	Gelsemiaceae	
Genista	Papilionaceae	
Gennaria	Orchidaceae	
Gentiana	Gentianaceae	
Gentianella	Gentianaceae	
Gentianopsis	Gentianaceae	
Geogenanthus	Commelinaceae	
Geranium	Geraniaceae	
Gerbera	Asteraceae	
Gerrardanthus	Cucurbitaceae	
Gesneria	Gesneriaceae	
Gethyllis	Amaryllidaceae	
Gethyum	Alliaceae	
Geum	Rosaceae	
Gevuina	Proteaceae	
Gibasis	Commelinaceae	
Gigaspermum	Gigaspermaceae	
Gilia	Polemoniaceae	
Gillenia	Rosaceae	
Gilliesia	Alliaceae	
Gingidia	Apiaceae	
Ginkgo	Ginkgoaceae	
Gladiolus	Iridaceae	
Glandularia	Verbenaceae	
Glaucidium	Ranunculaceae	
Glaucium	Papaveraceae	
Glaucosciadium	Apiaceae	
Glaux	Primulaceae	
Glebionis	Asteraceae	
Glechoma	Lamiaceae	
Gleditsia	Caesalpiniaceae	
Glehnia	Apiaceae	
Gleichenia	Gleicheniaceae	
Gliricidia	Papilionaceae	
Globba	Zingiberaceae	
Globularia	Plantaginaceae	
Gloriosa	Colchicaceae	
Glottiphyllum	Aizoaceae	
Gloxinella	Gesneriaceae	
Gloxinia	Gesneriaceae	
Glumicalyx	Scrophulariaceae	
Glyceria	Poaceae	
Glycyrrhiza	Papilionaceae	
Glyptostrobus	Cupressaceae	
Gmelina	Lamiaceae	
Gnaphalium	Asteraceae	
Godetia	Onagraceae	
Goeppertia	Marantaceae	
Gomphocarpus	Apocynaceae	
Gompholobium	Papilionaceae	
Gomphostigma	Scrophulariaceae	
Gomphrena	Amaranthaceae	
Gonatanthus	Araceae	
Goniolimon	Plumbaginaceae	
Goniophlebium	Polypodiaceae	
Goodenia	Goodeniaceae	
Goodia	Papilionaceae	
Goodyera	Orchidaceae	
Gordonia	Theaceae	
Gorgonidium	Araceae	
Gorodkovia	Brassicaceae	
Gossypium	Malvaceae	
Grafia	Apiaceae	
Graptopetalum	Crassulaceae	
Graptosedum	Crassulaceae	
Graptoveria	Crassulaceae	
Gratiola	Plantaginaceae	
Greenovia	Crassulaceae	
Greigia	Bromeliaceae	
Grevillea	Proteaceae	
Grewia	Malvaceae	
Greyia	Melianthaceae	
Griffinia	Amaryllidaceae	
Grindelia	Asteraceae	
Griselinia	Griseliniaceae	
Gueldenstaedtia	Papilionaceae	
Guichenotia	Sterculiaceae	
Guihaia	Arecaceae	
Gundelia	Asteraceae	
Gunnera	Gunneraceae	
Gutierrezia	Asteraceae	
Guzmania	Bromeliaceae	
Gymnadenia	Orchidaceae	
Gymnocalycium	Cactaceae	
Gymnocarpium	Woodsiaceae	
Gymnocladus	Caesalpiniaceae	
Gymnocoronis	Asteraceae	
Gymnogramma	Adiantaceae	
Gymnopteris	Pteridaceae	
Gymnospermium	Berberidaceae	
Gynandriris	Iridaceae	
Gynerium	Poaceae	
Gynostemma	Cucurbitaceae	
Gynura	Asteraceae	
Gypsophila	Caryophyllaceae	
Gyptis	Asteraceae	
Haastia	Asteraceae	
Habenaria	Orchidaceae	
Haberlea	Gesneriaceae	
Hablitzia	Amaranthaceae	
Habranthus	Amaryllidaceae	
Hackelia	Boraginaceae	
Hacquetia	Apiaceae	
Haemanthus	Amaryllidaceae	
Hagenia	Rosaceae	
Hakea	Proteaceae	
Hakonechloa	Poaceae	
Halenia	Gentianaceae	
Halesia	Styracaceae	
Halimiocistus	Cistaceae	
Halimione	Amaranthaceae	
Halimium	Cistaceae	
Halimodendron	Papilionaceae	
Halleria	Stilbaceae	
Halocarpus	Podocarpaceae	
Haloragis	Haloragaceae	
Hamamelis	Hamamelidaceae	
Hamatocactus	Cactaceae	
Hamelia	Rubiaceae	
Hanabusaya	Campanulaceae	
Hannonia	Amaryllidaceae	
Haplocarpha	Asteraceae	
Haplopappus	Asteraceae	
Haploppapus	Asteraceae	
Hardenbergia	Papilionaceae	
Harpephyllum	Anacardiaceae	
Harrimanella	Ericaceae	
Hasteola	Asteraceae	
Hastingsia	Asparagaceae	
Hatiora	Cactaceae	
Haworthia	Asphodelaceae	
Hebe	Plantaginaceae	
Hebenstretia	Scrophulariaceae	
Hechtia	Bromeliaceae	
Hectorella	Portulacaceae	
Hedeoma	Lamiaceae	
Hedera	Araliaceae	
Hedychium	Zingiberaceae	
Hedysarum	Papilionaceae	
Hedyscepe	Arecaceae	
Hegemone	Ranunculaceae	
Heimerliodendron	Nyctaginaceae	
Heimia	Lythraceae	
Helenium	Asteraceae	
Heliamphora	Sarraceniaceae	
Helianthella	Asteraceae	
Helianthemum	Cistaceae	
Helianthus	Asteraceae	
Helichrysum	Asteraceae	
Helicodiceros	Araceae	
Heliconia	Heliconiaceae	
Helictotrichon	Poaceae	
Heliophila	Brassicaceae	
Heliopsis	Asteraceae	
Heliotropium	Boraginaceae	
Helipterum	Asteraceae	
Helleborus	Ranunculaceae	
Helminthotheca	Asteraceae	
Helonias	Melanthiaceae	
Heloniopsis	Melanthiaceae	
Helwingia	Helwingiaceae	
Helxine	Urticaceae	
Hemerocallis	Hemerocallidaceae	
Hemiboea	Gesneriaceae	
Hemigraphis	Acanthaceae	
Hemionitis	Pteridaceae	
Hemiorchis	Zingiberaceae	
Hemiphragma	Scrophulariaceae	
Hemipilia	Orchidaceae	
Hemizygia	Lamiaceae	
Hepatica	Ranunculaceae	
Heppimenes	Gesneriaceae	
Heptacodium	Caprifoliaceae	
Heptapleurum	Araliaceae	
Heptaptera	Apiaceae	
Heracleum	Apiaceae	
Herbertia	Iridaceae	
Hereroa	Aizoaceae	
Hermannia	Malvaceae	
Hermodactylus	Iridaceae	See I. tuberosa under <g>Iris</g>
Herniaria	Caryophyllaceae	
Herpolirion	Asparagaceae	
Herrickia	Compositae	
Hertia	Asteraceae	
Hesperaloe	Asparagaceae	
Hesperantha	Iridaceae	
Hesperis	Brassicaceae	
Hesperochiron	Boraginaceae	
Hesperotropsis	Cupressaceae	
Hesperozygis	Lamiaceae	
Hessea	Amaryllidaceae	
Heterocentron	Melastomataceae	
Heterolepis	Asteraceae	
Heteromeles	Rosaceae	
Heteromorpha	Apiaceae	
Heteropappus	Asteraceae	
Heteropolygonatum	Asparagaceae	
Heteropyxis	Myrtaceae	
Heterotheca	Asteraceae	
Heuchera	Saxifragaceae	
Heucherella	Saxifragaceae	
Hexaglottis	Iridaceae	
Hexastylis	Aristolochiaceae	
Hibanobambusa	Poaceae	
Hibbertia	Dilleniaceae	
Hibiscadelphus	Malvaceae	
Hibiscus	Malvaceae	
Hieracium	Asteraceae	
Hierochloe	Poaceae	
Hieronymiella	Amaryllidaceae	
Himalayacalamus	Poaceae	
Himantoglossum	Orchidaceae	
Hippeasprekelia	Amaryllidaceae	
Hippeastrum	Amaryllidaceae	
Hippocrepis	Papilionaceae	
Hippolytia	Asteraceae	
Hippophae	Elaeagnaceae	
Hippuris	Plantaginaceae	
Hiptage	Malpighiaceae	
Hirpicium	Asteraceae	
Histiopteris	Dennstaedtiaceae	
Hohenbergia	Bromeliaceae	
Hoheria	Malvaceae	
Holarrhena	Apocynaceae	
Holboellia	Lardizabalaceae	
Holcus	Poaceae	
Holmskioldia	Lamiaceae	
Holodiscus	Rosaceae	
Homalocladium	Polygonaceae	
Homalomena	Araceae	
Homalotheca	Asteraceae	
Homeria	Iridaceae	
Homoglossum	Iridaceae	
Homogyne	Asteraceae	
Homoranthus	Myrtaceae	
Honckenya	Caryophyllaceae	
Hoodia	Apocynaceae	
Hookeria	Hookeriaceae	
Hordeum	Poaceae	
Horkelia	Rosaceae	
Horkeliella	Rosaceae	
Horminum	Lamiaceae	
Hornungia	Brassicaceae	
Hosta	Asparagaceae	
Hottonia	Primulaceae	
Houstonia	Rubiaceae	
Houttuynia	Saururaceae	
Hovea	Papilionaceae	
Hovenia	Rhamnaceae	
Howea	Arecaceae	
Hoya	Apocynaceae	
Huernia	Apocynaceae	
Huerniopsis	Apocynaceae	
Hugueninia	Brassicaceae	
Humata	Davalliaceae	
Humea	Asteraceae	
Humulus	Cannabaceae	
Hunnemannia	Papaveraceae	
Huodendron	Styracaceae	
Hutchinsia	Brassicaceae	
Hutchinsonia	Rubiaceae	
Hyacinthella	Asparagaceae	
Hyacinthoides	Asparagaceae	
Hyacinthus	Asparagaceae	
Hybanthus	Violaceae	
Hydrangea	Hydrangeaceae	
Hydrastis	Ranunculaceae	
Hydrocharis	Hydrocharitaceae	
Hydrocleys	Alismataceae	
Hydrocotyle	Araliaceae	
Hydrophilus	Restionaceae	
Hydrophyllum	Boraginaceae	
Hylocereus	Cactaceae	
Hylomecon	Papaveraceae	
Hylotelephium	Crassulaceae	
Hymenanthera	Violaceae	
Hymenocallis	Amaryllidaceae	
Hymenolepis	Asteraceae	
Hymenosporum	Pittosporaceae	
Hymenoxys	Asteraceae	
Hyophorbe	Arecaceae	
Hyoscyamus	Solanaceae	
Hyparrhenia	Poaceae	
Hypericum	Hypericaceae	
Hyphaene	Arecaceae	
Hypocalymma	Myrtaceae	
Hypocalyptus	Papilionaceae	
Hypochaeris	Asteraceae	
Hypocyrta	Gesneriaceae	
Hypoestes	Acanthaceae	
Hypolepis	Dennstaedtiaceae	
Hypoxis	Hypoxidaceae	
Hypsela	Campanulaceae	
Hypseocharis	Geraniaceae	
Hyptis	Lamiaceae	
Hyssopus	Lamiaceae	
Hysterionica	Asteraceae	
Hystrix	Poaceae	
Iberis	Brassicaceae	
Ichthyoselmis	Papaveraceae	
Idesia	Salicaceae	
Idria	Fouquieriaceae	
Ilex	Aquifoliaceae	
Iliamna	Malvaceae	
Illicium	Schisandraceae	
Ilysanthes	Scrophulariaceae	
Impatiens	Balsaminaceae	
Imperata	Poaceae	
Incarvillea	Bignoniaceae	
Indigofera	Papilionaceae	
Indocalamus	Poaceae	
Indosasa	Poaceae	
Inula	Asteraceae	
Inulanthera	Asteraceae	
Iochroma	Solanaceae	
Ionactis	Asteraceae	
Iostephane	Asteraceae	
Ipheion	Alliaceae	
Iphigenia	Colchicaceae	
Ipomoea	Convolvulaceae	
Ipomopsis	Polemoniaceae	
Iresine	Amaranthaceae	
Iris	Iridaceae	
Isatis	Brassicaceae	
Ischyrolepis	Restionaceae	
Ismelia	Asteraceae	
Ismene	Amaryllidaceae	
Isodon	Lamiaceae	
Isoetes	Isoetaceae	
Isolepis	Cyperaceae	
Isoloma	Gesneriaceae	
Isomeris	Capparaceae	
Isoplexis	Scrophulariaceae	
Isopogon	Proteaceae	
Isopyrum	Ranunculaceae	
Isotoma	Campanulaceae	
Itea	Iteaceae	
Itoa	Salicaceae	
Ivesia	Rosaceae	
Ixeris	Asteraceae	
Ixia	Iridaceae	
Ixiolirion	Ixioliriaceae	
Ixora	Rubiaceae	
Jaborosa	Solanaceae	
Jacaranda	Bignoniaceae	
Jacobaea	Asteraceae	
Jacobinia	Acanthaceae	
Jacquemontia	Convolvulaceae	
Jaltomata	Solanaceae	
Jamesbrittenia	Scrophulariaceae	
Jamesia	Hydrangeaceae	
Jancaemonda	Gesneriaceae	
Jasione	Campanulaceae	
Jasminium	Oleaceae	
Jasminum	Oleaceae	
Jatropha	Euphorbiaceae	
Jeffersonia	Berberidaceae	
Johannesteijsmannia	Arecaceae	
Jovellana	Calceolariaceae	
Jovibarba	Crassulaceae	
Juania	Arecaceae	
Juanulloa	Solanaceae	
Jubaea	Arecaceae	
Juglans	Juglandaceae	
Juncus	Juncaceae	
Junellia	Verbenaceae	
Juniperus	Cupressaceae	
Jurinea	Asteraceae	
Jurinella	Asteraceae	
Jussiaea	Onagraceae	
Justicia	Acanthaceae	
Kadsura	Schisandraceae	
Kaempferia	Zingiberaceae	
Kageneckia	Rosaceae	
Kalanchoe	Crassulaceae	
Kalimeris	Asteraceae	
Kalmia	Ericaceae	
Kalmiopsis	Ericaceae	
Kalmiothamnus	Ericaceae	
Kalopanax	Araliaceae	
Keckiella	Plantaginaceae	
Keiskea	Lamiaceae	
Kelleria	Thymelaeaceae	
Kelseya	Rosaceae	
Kennedia	Papilionaceae	
Kentia	Arecaceae	
Kentranthus	Valerianaceae	
Kernera	Brassicaceae	
Kerria	Rosaceae	
Keteleeria	Pinaceae	
Khadia	Aizoaceae	
Kickxia	Plantaginaceae	
Kigelia	Bignoniaceae	
Kiggelaria	Flacourtiaceae	
Kirengeshoma	Hydrangeaceae	
Kitagawia	Apiaceae	
Kitaibela	Malvaceae	
Kitchingia	Crassulaceae	
Klasea	Asteraceae	
Kleinia	Asteraceae	
Knautia	Caprifoliaceae	
Knightia	Proteaceae	
Kniphofia	Asphodelaceae	
Knowltonia	Ranunculaceae	
Kobresia	Cyperaceae	
Kochia	Chenopodiaceae	
Koeleria	Poaceae	
Koellikeria	Gesneriaceae	
Koelreuteria	Sapindaceae	
Kohleria	Gesneriaceae	
Kolkwitzia	Caprifoliaceae	
Korolkowia	Liliaceae	
Kosteletzkya	Malvaceae	
Krascheninnikovia	Amaranthaceae	
Kuhnia	Asteraceae	
Kummerowia	Papilionaceae	
Kunzea	Myrtaceae	
Labichea	Caesalpiniaceae	
Lablab	Papilionaceae	
Laburnocytisus	Papilionaceae	
Laburnum	Papilionaceae	
Laccospadix	Arecaceae	
Lachenalia	Asparagaceae	
Lachnanthes	Haemodoraceae	
Lactuca	Asteraceae	
Lagarosiphon	Hydrocharitaceae	
Lagarostrobos	Podocarpaceae	
Lagenaria	Cucurbitaceae	
Lagenophora	Asteraceae	
Lagerstroemia	Lythraceae	
Lagotis	Plantaginaceae	
Lagunaria	Malvaceae	
Lagurus	Poaceae	
Lallemantia	Lamiaceae	
Lamarckia	Poaceae	
Lambertia	Proteaceae	
Lamiastrum	Lamiaceae	
Lamium	Lamiaceae	
Lampranthus	Aizoaceae	
Lamprocapnos	Papaveraceae	
Lamprothyrsus	Poaceae	
Lanaria	Lanariaceae	
Lancea	Phrymaceae	
Lantana	Verbenaceae	
Lapageria	Philesiaceae	
Lapeirousia	Iridaceae	
Lapiedra	Amaryllidaceae	
Laportea	Urticaceae	
Lappula	Boraginaceae	
Lapsana	Asteraceae	
Lardizabala	Lardizabalaceae	
Larix	Pinaceae	
Larrea	Zygophyllaceae	
Larryleachia	Apocynaceae	
Laser	Apiaceae	
Laserpitium	Apiaceae	
Lasiagrostis	Poaceae	
Lasiospermum	Asteraceae	
Lastreopsis	Dryopteridaceae	
Latania	Arecaceae	
Lathraea	Orobanchaceae	
Lathyrus	Papilionaceae	
Latua	Solanaceae	
Laurelia	Atherospermataceae	
Laureliopsis	Atherospermataceae	
Laurentia	Campanulaceae	
Lauro-cerasus	Rosaceae	
Laurus	Lauraceae	
Lavandula	Lamiaceae	
Lavatera	Malvaceae	
Lavrania	Apocynaceae	
Lawsonia	Lythraceae	
Lecanthus	Urticaceae	
Ledebouria	Asparagaceae	
Ledodendron	Ericaceae	
Ledum	Ericaceae	
Leea	Vitaceae	
Leersia	Poaceae	
Legousia	Campanulaceae	
Leibnitzia	Asteraceae	
Leiophyllum	Ericaceae	
Lembotropis	Papilionaceae	
Lemna	Araceae	
Leonotis	Lamiaceae	
Leontice	Berberidaceae	
Leontochir	Alstroemeriaceae	
Leontodon	Asteraceae	
Leontopodium	Asteraceae	
Leonurus	Lamiaceae	
Leopoldia	Asparagaceae	
Lepechinia	Lamiaceae	
Lepidium	Brassicaceae	
Lepidothamnus	Podocarpaceae	
Lepidozamia	Zamiaceae	
Lepismium	Cactaceae	
Leptarrhena	Saxifragaceae	
Leptecophylla	Ericaceae	
Leptinella	Asteraceae	
Leptocarpus	Restionaceae	
Leptocodon	Campanulaceae	
Leptodactylon	Polemoniaceae	
Leptodermis	Rubiaceae	
Leptogramma	Thelypteridaceae	
Leptolepia	Dennstaedtiaceae	
Leptopteris	Osmundaceae	
Leptopus	Euphorbiaceae	
Leptospermum	Myrtaceae	
Leschenaultia	Goodeniaceae	
Lespedeza	Papilionaceae	
Lesquerella	Brassicaceae	
Lessertia	Papilionaceae	
Leucadendron	Proteaceae	
Leucaena	Mimosaceae	
Leucanthemella	Asteraceae	
Leucanthemopsis	Asteraceae	
Leucanthemum	Asteraceae	
Leucheria	Asteraceae	
Leucochrysum	Asteraceae	
Leucocoryne	Alliaceae	
Leucogenes	Asteraceae	
Leucojum	Amaryllidaceae	See also <g>Acis</g>
Leucophyllum	Scrophulariaceae	
Leucophysalis	Solanaceae	
Leucophyta	Asteraceae	
Leucopogon	Ericaceae	
Leucoraoulia	Asteraceae	
Leucosceptrum	Lamiaceae	
Leucosidea	Rosaceae	
Leucospermum	Proteaceae	
Leucostegia	Davalliaceae	
Leucothoe	Ericaceae	
Leuzea	Asteraceae	
Levisticum	Apiaceae	
Lewisia	Portulacaceae	
Leycesteria	Caprifoliaceae	
Leymus	Poaceae	
Lhotzkya	Myrtaceae	
Liatris	Asteraceae	
Libanotis	Umbelliferae	
Libertia	Iridaceae	
Libocedrus	Cupressaceae	
Libonia	Acanthaceae	
Licuala	Arecaceae	
Ligularia	Asteraceae	
Ligusticum	Apiaceae	
Ligustrum	Oleaceae	
Lilaeopsis	Apiaceae	
Lilium	Liliaceae	
Limnanthes	Limnanthaceae	
Limnobium	Hydrocharitaceae	
Limnophila	Scrophulariaceae	
Limoniastrum	Plumbaginaceae	
Limonium	Plumbaginaceae	
Linanthastrum	Polemoniaceae	
Linanthus	Polemoniaceae	
Linaria	Plantaginaceae	
Lindelofia	Boraginaceae	
Lindera	Lauraceae	
Lindernia	Linderniaceae	
Linnaea	Caprifoliaceae	
Linum	Linaceae	
Liparia	Papilionaceae	
Liparis	Orchidaceae	
Lippia	Verbenaceae	
Liquidambar	Hamamelidaceae	
Liriodendron	Magnoliaceae	
Liriope	Asparagaceae	
Lisianthius	Gentianaceae	
Listera	Orchidaceae	
Litchi	Sapindaceae	
Lithocarpus	Fagaceae	
Lithodora	Boraginaceae	
Lithophragma	Saxifragaceae	
Lithops	Aizoaceae	
Lithospermum	Boraginaceae	
Lithraea	Anacardiaceae	
Litsea	Lauraceae	
Littonia	Colchicaceae	
Littorella	Plantaginaceae	
Livistona	Arecaceae	
Llagunoa	Sapindaceae	
Lloydia	Liliaceae	
Loasa	Loasaceae	
Lobelia	Campanulaceae	
Lobivia	Cactaceae	
Lobostemon	Boraginaceae	
Lobularia	Brassicaceae	
Loeselia	Polemoniaceae	
Loiseleuria	Ericaceae	
Lomandra	Asparagaceae	
Lomaria	Blechnaceae	
Lomatia	Proteaceae	
Lomatium	Apiaceae	
Lomatogonium	Gentianaceae	
Lonicera	Caprifoliaceae	
Lopezia	Onagraceae	
Lophatherum	Poaceae	
Lophomyrtus	Myrtaceae	
Lophosoria	Dicksoniaceae	
Lophospermum	Plantaginaceae	
Lophostemon	Myrtaceae	
Loropetalum	Hamamelidaceae	
Lotononis	Papilionaceae	
Lotus	Papilionaceae	
Loxostigma	Gesneriaceae	
Loxostylis	Anacardiaceae	
Lucilia	Asteraceae	
Luculia	Rubiaceae	
Ludisia	Orchidaceae	
Ludwigia	Onagraceae	
Luetkea	Rosaceae	
Luffa	Cucurbitaceae	
Luma	Myrtaceae	
Lunaria	Brassicaceae	
Lunathyrium	Woodsiaceae	
Lupinus	Papilionaceae	
Lutzia	Brassicaceae	
Luzula	Juncaceae	
Luzuriaga	Luzuriagaceae	
Lycene	Caryophyllaceae	
Lychnis	Caryophyllaceae	
Lycianthes	Solanaceae	
Lycium	Solanaceae	
Lycopodium	Lycopodiaceae	
Lycopsis	Boraginaceae	
Lycopus	Lamiaceae	
Lycoris	Amaryllidaceae	
Lygeum	Poaceae	
Lygodium	Lygodiaceae	
Lygos	Papilionaceae	
Lymania	Bromeliaceae	
Lyonia	Ericaceae	
Lyonothamnus	Rosaceae	
Lysichiton	Araceae	
Lysiloma	Mimosaceae	
Lysimachia	Primulaceae	
Lysionotus	Gesneriaceae	
Lythrum	Lythraceae	
Lytocaryum	Arecaceae	
Maackia	Papilionaceae	
Macadamia	Proteaceae	
Macbridea	Lamiaceae	
Macfadyena	Bignoniaceae	
Machaeranthera	Asteraceae	
Machaerina	Cyperaceae	
Machilus	Lauraceae	
Mackaya	Acanthaceae	
Macleania	Ericaceae	
Macleaya	Papaveraceae	
Maclura	Moraceae	
Macrodiervilla	Caprifoliaceae	
Macropidia	Haemodoraceae	
Macropiper	Piperaceae	
Macroptilium	Papilionaceae	
Macrothelypteris	Thelypteridaceae	
Macrozamia	Zamiaceae	
Maddenia	Rosaceae	
Madia	Asteraceae	
Maesa	Primulaceae	
Magnolia	Magnoliaceae	
Mahoberberis	Berberidaceae	
Mahonia	Berberidaceae	
Maianthemum	Asparagaceae	
Maihuenia	Cactaceae	
Maihueniopsis	Cactaceae	
Maireana	Amaranthaceae	
Malacothamnus	Malvaceae	
Malcolmia	Brassicaceae	
Malephora	Aizoaceae	
Mallotus	Euphorbiaceae	
Malope	Malvaceae	
Malotigena	Aizoaceae	
Malpighia	Malpighiaceae	
Malus	Rosaceae	
Malva	Malvaceae	
Malvastrum	Malvaceae	
Malvaviscus	Malvaceae	
Mammillaria	Cactaceae	
Mandevilla	Apocynaceae	
Mandragora	Solanaceae	
Manettia	Rubiaceae	
Manfreda	Agavaceae	
Mangave	Agavaceae	
Mangifera	Anacardiaceae	
Manglietia	Magnoliaceae	
Manihot	Euphorbiaceae	
Manilkara	Sapotaceae	
Manoao	Podocarpaceae	
Mansoa	Bignoniaceae	
Mantisalca	Asteraceae	
Mantisia	Zingiberaceae	
Manulea	Scrophulariaceae	
Maranta	Marantaceae	
Marattia	Marattiaceae	
Marchantia	Marchantiaceae	
Margyricarpus	Rosaceae	
Mariscus	Cyperaceae	
Markhamia	Bignoniaceae	
Marrubium	Lamiaceae	
Marsdenia	Apocynaceae	
Marshallia	Asteraceae	
Marsilea	Marsileaceae	
Marsippospermum	Juncaceae	
Mascagnia	Malpighiaceae	
Mascarena	Arecaceae	
Masdevallia	Orchidaceae	
Massonia	Asparagaceae	
Matelea	Apocynaceae	
Mathiasella	Apiaceae	
Matricaria	Asteraceae	
Matteuccia	Onocleaceae	
Matthiola	Brassicaceae	
Maurandella	Plantaginaceae	
Maurandya	Plantaginaceae	
Maytenus	Celastraceae	
Mazus	Phrymaceae	
Mecardonia	Plantaginaceae	
Meconopsis	Papaveraceae	
Medemia	Arecaceae	
Medeola	Asparagaceae	
Medicago	Papilionaceae	
Medinilla	Melastomataceae	
Meehania	Lamiaceae	
Megacarpaea	Brassicaceae	
Megacodon	Gentianaceae	
Megaskepasma	Acanthaceae	
Melaleuca	Myrtaceae	
Melampodium	Asteraceae	
Melandrium	Caryophyllaceae	
Melanoselinum	Apiaceae	
Melanoseris	Asteraceae	
Melanthium	Melanthiaceae	
Melasphaerula	Iridaceae	
Melastoma	Melastomataceae	
Melia	Meliaceae	
Melianthus	Melianthaceae	
Melica	Poaceae	
Melicope	Rutaceae	
Melicytus	Violaceae	
Melilotus	Papilionaceae	
Melinis	Poaceae	
Meliosma	Sabiaceae	
Melissa	Lamiaceae	
Melittis	Lamiaceae	
Melliodendron	Styracaceae	
Melothria	Cucurbitaceae	
Menispermum	Menispermaceae	
Menstruocalamus	Poaceae	
Mentha	Lamiaceae	
Mentzelia	Loasaceae	
Menyanthes	Menyanthaceae	
Menziesia	Ericaceae	
Mercurialis	Euphorbiaceae	
Merendera	Colchicaceae	
Merremia	Convolvulaceae	
Merrilliopanax	Araliaceae	
Mertensia	Boraginaceae	
Merwilla	Asparagaceae	
Merxmuellera	Poaceae	
Meryta	Araliaceae	
Mesembryanthemum	Aizoaceae	
Mespilus	Rosaceae	
Metanarthecium	Melanthiaceae	
Metapanax	Araliaceae	
Metaplexis	Apocynaceae	
Metarungia	Acanthaceae	
Metasequoia	Cupressaceae	
Metrosideros	Myrtaceae	
Meum	Apiaceae	
Mibora	Poaceae	
Michauxia	Campanulaceae	
Michelia	Magnoliaceae	
Micranthus	Iridaceae	
Microbiota	Cupressaceae	
Microcachrys	Podocarpaceae	
Microcitrus	Rutaceae	
Microcoelum	Arecaceae	
Microglossa	Asteraceae	
Microlaena	Poaceae	
Microlepia	Dennstaedtiaceae	
Microloma	Apocynaceae	
Micromeria	Lamiaceae	
Microseris	Asteraceae	
Microsorum	Polypodiaceae	
Microstrobos	Podocarpaceae	
Microtropis	Celastraceae	
Miersia	Alliaceae	
Mikania	Asteraceae	
Milium	Poaceae	
Millettia	Papilionaceae	
Milligania	Asteliaceae	
Millingtonia	Bignoniaceae	
Mimetes	Proteaceae	
Mimosa	Mimosaceae	
Mimulus	Phrymaceae	
Mimusops	Sapotaceae	
Mina	Convolvulaceae	
Minuartia	Caryophyllaceae	
Miqueliopuntia	Cactaceae	
Mirabilis	Nyctaginaceae	
Miscanthus	Poaceae	
Misopates	Scrophulariaceae	
Mitchella	Rubiaceae	
Mitella	Saxifragaceae	
Mitraria	Gesneriaceae	
Mitrasacme	Loganiaceae	
Mitriostigma	Rubiaceae	
Modiola	Malvaceae	
Modiolastrum	Malvaceae	
Moehringia	Caryophyllaceae	
Moenchia	Caryophyllaceae	
Molinia	Poaceae	
Molopospermum	Apiaceae	
Moltkia	Boraginaceae	
Moluccella	Lamiaceae	
Momordica	Cucurbitaceae	
Monachosorum	Dennstaedtiaceae	
Monadenium	Euphorbiaceae	
Monanthes	Crassulaceae	
Monarda	Lamiaceae	
Monardella	Lamiaceae	
Monochoria	Pontederiaceae	
Monopsis	Campanulaceae	
Monotoca	Ericaceae	
Monsonia	Geraniaceae	
Monstera	Araceae	
Montbretia	Iridaceae	
Montia	Portulacaceae	
Moraea	Iridaceae	
Morella	Myricaceae	
Moricandia	Brassicaceae	
Morina	Caprifoliaceae	
Morinda	Rubiaceae	
Morisia	Brassicaceae	
Morus	Moraceae	
Mosla	Lamiaceae	
Mucuna	Papilionaceae	
Muehlenbeckia	Polygonaceae	
Muhlenbergia	Poaceae	
Mukdenia	Saxifragaceae	
Mukgenia	Saxifragaceae	
Mundulea	Papilionaceae	
Murbeckiella	Brassicaceae	
Murraya	Rutaceae	
Musa	Musaceae	
Muscari	Asparagaceae	
Muscarimia	Asparagaceae	
Musella	Musaceae	
Mussaenda	Rubiaceae	
Musschia	Campanulaceae	
Mutisia	Asteraceae	
Myoporum	Scrophulariaceae	
Myosotidium	Boraginaceae	
Myosotis	Boraginaceae	
Myosurus	Ranunculaceae	
Myrceugenia	Myrtaceae	
Myrcia	Myrtaceae	
Myrica	Myricaceae	
Myricaria	Tamaricaceae	
Myriophyllum	Haloragaceae	
Myrrhidendron	Apiaceae	
Myrrhis	Apiaceae	
Myrsine	Primulaceae	
Myrteola	Myrtaceae	
Myrtus	Myrtaceae	
Nabalus	Asteraceae	
Naiocrene	Portulacaceae	
Nananthus	Aizoaceae	
Nandina	Berberidaceae	
Nannorrhops	Arecaceae	
Napaea	Malvaceae	
Narcissus	Amaryllidaceae	
Nardophyllum	Asteraceae	
Nardostachys	Caprifoliaceae	
Nardus	Poaceae	
Narthecium	Nartheciaceae	
Nassauvia	Asteraceae	
Nassella	Poaceae	For N. tenuissima, see <g>Stipa</g>
Nastanthus	Calyceraceae	
Nasturtium	Brassicaceae	
Nauplius	Asteraceae	
Nautilocalyx	Gesneriaceae	
Navarretia	Polemoniaceae	
Nectaroscordum	Alliaceae	
Neillia	Rosaceae	
Nelumbo	Nelumbonaceae	
Nemastylis	Iridaceae	
Nematanthus	Gesneriaceae	
Nemesia	Scrophulariaceae	
Nemopanthus	Aquifoliaceae	
Nemophila	Boraginaceae	
Neochilenia	Cactaceae	
Neodypsis	Arecaceae	
Neohenricia	Aizoaceae	
Neolepisorus	Polypodiaceae	
Neolitsea	Lauraceae	
Neomarica	Iridaceae	
Neopanax	Araliaceae	
Neopaxia	Portulacaceae	
Neoporteria	Cactaceae	
Neoregelia	Bromeliaceae	
Neoshirakia	Euphorbiaceae	
Neotinea	Orchidaceae	
Neottia	Orchidaceae	
Neottianthe	Orchidaceae	
Nepenthes	Nepenthaceae	
Nepeta	Lamiaceae	
Nephrolepis	Lomariopsidaceae	
Nephrophyllidium	Menyanthaceae	
Nerine	Amaryllidaceae	
Nerium	Apocynaceae	
Nertera	Rubiaceae	
Neviusia	Rosaceae	
Nicandra	Solanaceae	
Nicotiana	Solanaceae	
Nidorella	Asteraceae	
Nidularium	Bromeliaceae	
Niduregelia	Bromeliaceae	
Nierembergia	Solanaceae	
Nigella	Ranunculaceae	
Nigritella	Orchidaceae	
Niphaea	Gesneriaceae	
Niphidium	Polypodiaceae	
Niphimenes	Gesneriaceae	
Nipponanthemum	Asteraceae	
Nivenia	Iridaceae	
Noccaea	Brassicaceae	
Nolana	Solanaceae	
Nolina	Asparagaceae	
Nomocharis	Liliaceae	
Nonea	Boraginaceae	
Nopalea	Cactaceae	
Notelaea	Oleaceae	
Nothochelone	Scrophulariaceae	
Nothofagus	Nothofagaceae	
Notholaena	Adiantaceae	
Notholirion	Liliaceae	
Nothopanax	Araliaceae	
Nothoperanema	Dryopteridaceae	
Nothoscordum	Alliaceae	
Nothotsuga	Pinaceae	
Notobuxus	Buxaceae	
Notocactus	Cactaceae	
Notospartium	Papilionaceae	
Nototriche	Malvaceae	
Nuphar	Nymphaeaceae	
Nuxia	Stilbaceae	
Nuytsia	Loranthaceae	
Nylandtia	Polygalaceae	
Nymphaea	Nymphaeaceae	
Nymphoides	Menyanthaceae	
Nyssa	Nyssaceae	
Oakesiella	Convallariaceae	
Ochagavia	Bromeliaceae	
Ochna	Ochnaceae	
Ocimum	Lamiaceae	
Oclemena	Compositae	
Odontadenia	Apocynaceae	
Odontites	Orobanchaceae	
Odontoglossum	Orchidaceae	
Odontonema	Acanthaceae	
Oemleria	Rosaceae	
Oenanthe	Apiaceae	
Oenothera	Onagraceae	
Olea	Oleaceae	
Olearia	Asteraceae	
Oligoneuron	Asteraceae	
Oligostachyum	Poaceae	
Olsynium	Iridaceae	
Olyra	Poaceae	
Omphalodes	Boraginaceae	
Omphalogramma	Primulaceae	
Oncidium	Orchidaceae	
Oncoba	Flacourtiaceae	
Oncostema	Asparagaceae	
Onixotis	Colchicaceae	
Onobrychis	Papilionaceae	
Onoclea	Onocleaceae	
Ononis	Papilionaceae	
Onopordum	Asteraceae	
Onoseris	Asteraceae	
Onosma	Boraginaceae	
Onosmodium	Boraginaceae	
Onychium	Pteridaceae	
Ophiopogon	Asparagaceae	
Ophiorrhiza	Rubiaceae	
Ophrys	Orchidaceae	
Opithandra	Gesneriaceae	
Oplismenus	Poaceae	
Oplopanax	Araliaceae	
Opopanax	Apiaceae	
Opuntia	Cactaceae	
Orbea	Apocynaceae	
Orbeopsis	Apocynaceae	
Orbexilum	Papilionaceae	
Orchis	Orchidaceae	
Oreobolus	Cyperaceae	
Oreocereus	Cactaceae	
Oreocharis	Gesneriaceae	
Oreomyrrhis	Apiaceae	
Oreopanax	Araliaceae	
Oreopteris	Thelypteridaceae	
Oreorchis	Orchidaceae	
Oreostemma	Compositae	
Oreoxis	Apiaceae	
Oresitrophe	Saxifragaceae	
Origanum	Lamiaceae	
Orites	Proteaceae	
Orixa	Rutaceae	
Orlaya	Apiaceae	
Ornithogalum	Asparagaceae	
Ornithoglossum	Colchicaceae	
Orobanche	Orobanchaceae	
Orontium	Araceae	
Orostachys	Crassulaceae	
Oroxylum	Bignoniaceae	
Oroya	Cactaceae	
Orphium	Gentianaceae	
Orthophytum	Bromeliaceae	
Orthosiphon	Lamiaceae	
Orthrosanthus	Iridaceae	
Orychophragmus	Brassicaceae	
Oryzopsis	Poaceae	
Osbeckia	Melastomataceae	
Oscularia	Aizoaceae	
Osmanthus	Oleaceae	
Osmarea	Oleaceae	
Osmaronia	Rosaceae	
Osmitopsis	Asteraceae	
Osmorhiza	Apiaceae	
Osmunda	Osmundaceae	
Osteomeles	Rosaceae	
Osteospermum	Asteraceae	
Ostrowskia	Campanulaceae	
Ostrya	Betulaceae	
Ostryopsis	Betulaceae	
Osyris	Santalaceae	
Otacanthus	Plantaginaceae	
Otanthera	Melastomataceae	
Otanthus	Asteraceae	
Otatea	Poaceae	
Otholobium	Papilionaceae	
Othonna	Asteraceae	
Othonnopsis	Asteraceae	
Ourisia	Plantaginaceae	
Ovidia	Thymelaeaceae	
Oxalis	Oxalidaceae	
Oxera	Lamiaceae	
Oxycoccus	Ericaceae	
Oxydendrum	Ericaceae	
Oxygraphis	Ranunculaceae	
Oxylobium	Papilionaceae	
Oxypetalum	Apocynaceae	
Oxyria	Polygonaceae	
Oxytropis	Papilionaceae	
Oziro?	Asparagaceae	
Ozothamnus	Asteraceae	
Pachycymbium	Apocynaceae	
Pachylaena	Asteraceae	
Pachyphragma	Brassicaceae	
Pachyphytum	Crassulaceae	
Pachypodium	Apocynaceae	
Pachysandra	Buxaceae	
Pachystachys	Acanthaceae	
Pachystegia	Asteraceae	
Pachystima	Celastraceae	
Pachyveria	Crassulaceae	
Packera	Asteraceae	
Paederia	Rubiaceae	
Paederota	Plantaginaceae	
Paeonia	Paeoniaceae	
Paesia	Dennstaedtiaceae	
Palisota	Commelinaceae	
Paliurus	Rhamnaceae	
Pallenis	Asteraceae	
Pamianthe	Amaryllidaceae	
Panax	Araliaceae	
Pancratium	Amaryllidaceae	
Pandanus	Pandanaceae	
Pandorea	Bignoniaceae	
Panicum	Poaceae	
Papaver	Papaveraceae	
Parabenzoin	Lauraceae	
Paracaryum	Boraginaceae	
Parachampionella	Acanthaceae	
Paradisea	Asparagaceae	
Parafestuca	Poaceae	
Parahebe	Plantaginaceae	
Parajubaea	Arecaceae	
Parakmeria	Magnoliaceae	
Paramongaia	Amaryllidaceae	
Paranomus	Proteaceae	
Paraquilegia	Ranunculaceae	
Parasenecio	Asteraceae	
Paraserianthes	Mimosaceae	
Parasyringa	Oleaceae	
Parathelypteris	Thelypteridaceae	
Pardancanda	Iridaceae	
Pardanthopsis	Iridaceae	
Pardoglossum	Boraginaceae	
Parietaria	Urticaceae	
Paris	Melanthiaceae	
Parkinsonia	Caesalpiniaceae	
Parnassia	Celastraceae	
Parochetus	Papilionaceae	
Parodia	Cactaceae	
Parolinia	Brassicaceae	
Paronychia	Caryophyllaceae	
Parrotia	Hamamelidaceae	
Parrotiopsis	Hamamelidaceae	
Parrya	Brassicaceae	
Parsonsia	Apocynaceae	
Parthenium	Asteraceae	
Parthenocissus	Vitaceae	
Pasithea	Hemerocallidaceae	
Paspalum	Poaceae	
Passerina	Thymelaeaceae	
Passiflora	Passifloraceae	
Pastinaca	Apiaceae	
Patersonia	Iridaceae	
Patrinia	Caprifoliaceae	
Paulownia	Paulowniaceae	
Pauridia	Hypoxidaceae	
Pavonia	Malvaceae	
Paxistima	Celastraceae	
Pecteilis	Orchidaceae	
Pedicularis	Orobanchaceae	
Pedilanthus	Euphorbiaceae	
Pegaeophyton	Brassicaceae	
Peganum	Nitrariaceae	
Pelargonium	Geraniaceae	
Peliosanthes	Asparagaceae	
Pellaea	Pteridaceae	
Pellea	Urticaceae	
Pellionia	Urticaceae	
Peltandra	Araceae	
Peltaria	Brassicaceae	
Peltiphyllum	Saxifragaceae	
Peltoboykinia	Saxifragaceae	
Peltocalathos	Ranunculaceae	
Pennantia	Pennantiaceae	
Pennellianthus	Scrophulariaceae	
Pennisetum	Poaceae	
Penstemon	Plantaginaceae	
Pentachondra	Ericaceae	
Pentaglottis	Boraginaceae	
Pentagramma	Pteridaceae	
Pentalinon	Apocynaceae	
Pentapanax	Araliaceae	
Pentapterygium	Ericaceae	
Pentas	Rubiaceae	
Penthorum	Saxifragaceae	
Peperomia	Piperaceae	
Peranema	Dryopteridaceae	
Pereskia	Cactaceae	
Pereskiopsis	Cactaceae	
Perezia	Asteraceae	
Pericallis	Asteraceae	
Perilla	Lamiaceae	
Periploca	Apocynaceae	
Peristrophe	Acanthaceae	
Pernettya	Ericaceae	
Perovskia	Lamiaceae	
Perrottetia	Dipentodonaceae	
Persea	Lauraceae	
Persicaria	Polygonaceae	
Persoonia	Proteaceae	
Petalostemon	Papilionaceae	
Petamenes	Iridaceae	
Petasites	Asteraceae	
Petchoa	Solanaceae	
Petopentia	Apocynaceae	
Petrea	Verbenaceae	
Petrocallis	Brassicaceae	
Petrocoptis	Caryophyllaceae	
Petrocosmea	Gesneriaceae	
Petromarula	Campanulaceae	
Petrophytum	Rosaceae	
Petrorhagia	Caryophyllaceae	
Petroselinum	Apiaceae	
Petteria	Papilionaceae	
Petunia	Solanaceae	
Peucedanum	Apiaceae	
Peumus	Monimiaceae	
Phacelia	Boraginaceae	
Phacocapnos	Papaveraceae	
Phaedranassa	Amaryllidaceae	
Phaedranthus	Bignoniaceae	
Phaenocoma	Asteraceae	
Phaenosperma	Poaceae	
Phagnalon	Asteraceae	
Phaiophleps	Iridaceae	
Phaius	Orchidaceae	
Phalaenopsis	Orchidaceae	
Phalaris	Poaceae	
Phalocallis	Iridaceae	
Phanerophlebia	Dryopteridaceae	
Pharbitis	Convolvulaceae	
Pharnaceum	Molluginaceae	
Phaseolus	Papilionaceae	
Phedimus	Crassulaceae	
Phegopteris	Thelypteridaceae	
Phellodendron	Rutaceae	
Phemeranthus	Portulacaceae	
Phenakospermum	Strelitziaceae	
Pherosphaera	Podocarpaceae	
Philadelphus	Hydrangeaceae	
Philesia	Philesiaceae	
Philibertia	Apocynaceae	
Phillyrea	Oleaceae	
Philodendron	Araceae	
Philotheca	Rutaceae	
Phlebodium	Polypodiaceae	
Phleum	Poaceae	
Phlomis	Lamiaceae	
Phlox	Polemoniaceae	
Phoebe	Lauraceae	
Phoenicaulis	Brassicaceae	
Phoenix	Arecaceae	
Phormium	Hemerocallidaceae	
Photinia	Rosaceae	
Phragmites	Poaceae	
Phryganocydia	Bignoniaceae	
Phrynium	Marantaceae	
Phuopsis	Rubiaceae	
Phycella	Amaryllidaceae	
Phygelius	Scrophulariaceae	
Phyla	Verbenaceae	
Phylica	Rhamnaceae	
Phyllagathis	Melastomataceae	
Phyllanthus	Phyllanthaceae	
Phylliopsis	Ericaceae	
Phyllitis	Aspleniaceae	
Phyllocladus	Podocarpaceae	
Phyllodoce	Ericaceae	
Phyllostachys	Poaceae	
Phyllothamnus	Ericaceae	
Phymatosorus	Polypodiaceae	
Phymosia	Malvaceae	
Phyodina	Commelinaceae	
Physaliastrum	Solanaceae	
Physalis	Solanaceae	
Physaria	Brassicaceae	
Physocarpus	Rosaceae	
Physochlaina	Solanaceae	
Physoplexis	Campanulaceae	
Physostegia	Lamiaceae	
Phyteuma	Campanulaceae	
Phytolacca	Phytolaccaceae	
Piaranthus	Apocynaceae	
Picea	Pinaceae	
Picrasma	Simaroubaceae	
Picris	Asteraceae	
Picrorhiza	Plantaginaceae	
Pieris	Ericaceae	
Pilea	Urticaceae	
Pileostegia	Hydrangeaceae	
Pilgerodendron	Cupressaceae	
Pilosella	Asteraceae	
Pilularia	Marsileaceae	
Pimelea	Thymelaeaceae	
Pimenta	Myrtaceae	
Pimpinella	Apiaceae	
Pinanga	Arecaceae	
Pinellia	Araceae	
Pinguicula	Lentibulariaceae	
Pinus	Pinaceae	
Piper	Piperaceae	
Piptanthus	Papilionaceae	
Pisonia	Nyctaginaceae	
Pistacia	Anacardiaceae	
Pistia	Araceae	
Pisum	Papilionaceae	
Pitavia	Rutaceae	
Pitcairnia	Bromeliaceae	
Pithecellobium	Mimosaceae	
Pithecoctenium	Bignoniaceae	
Pittosporum	Pittosporaceae	
Pityrogramma	Pteridaceae	
Plagianthus	Malvaceae	
Plagiobothrys	Boraginaceae	
Plagiomnium	Sphagnaceae	
Plagiorhegma	Berberidaceae	
Planchonella	Ochnaceae	
Planera	Ulmaceae	
Plantago	Plantaginaceae	
Platanthera	Orchidaceae	
Platanus	Platanaceae	
Platycarya	Juglandaceae	
Platycerium	Polypodiaceae	
Platycladus	Cupressaceae	
Platycodon	Campanulaceae	
Platycrater	Hydrangeaceae	
Platytheca	Tremandraceae	
Plecostachys	Asteraceae	
Plectocephalus	Asteraceae	
Plectocolea	Jungermanniaceae	
Plectranthus	Lamiaceae	
Pleioblastus	Poaceae	
Pleione	Orchidaceae	
Pleiospilos	Aizoaceae	
Pleomele	Dracaenaceae	
Pleurochaete	Sphagnaceae	
Pleurospermum	Apiaceae	
Plexipus	Verbenaceae	
Plumbago	Plumbaginaceae	
Plumeria	Apocynaceae	
Pneumatopteris	Thelypteridaceae	
Poa	Poaceae	
Podalyria	Papilionaceae	
Podanthus	Asteraceae	
Podistera	Apiaceae	
Podocarpus	Podocarpaceae	
Podolepis	Asteraceae	
Podophyllum	Berberidaceae	For P. Hexandrum see <g>Sinopodophyllum</g>
Podranea	Bignoniaceae	
Pogonarthria	Poaceae	
Pogonatherum	Poaceae	
Pogonia	Orchidaceae	
Pogostemon	Lamiaceae	
Polanisia	Capparaceae	
Polemonium	Polemoniaceae	
Polianthes	Asparagaceae	
Poliomintha	Lamiaceae	
Poliothyrsis	Salicaceae	
Pollia	Commelinaceae	
Polygala	Polygalaceae	
Polygaloides	Polygalaceae	
Polygonatum	Asparagaceae	
Polygonum	Polygonaceae	
Polylepis	Rosaceae	
Polymnia	Asteraceae	
Polypodiodes	Polypodiaceae	
Polypodium	Polypodiaceae	
Polypogon	Poaceae	
Polypompholyx	Lentibulariaceae	
Polyscias	Araliaceae	
Polyspora	Theaceae	
Polystichum	Dryopteridaceae	
Polyxena	Asparagaceae	
Pomaderris	Rhamnaceae	
Poncirus	Rutaceae	
Ponerorchis	Orchidaceae	
Pontederia	Pontederiaceae	
Populus	Salicaceae	
Porana	Convolvulaceae	
Porophyllum	Asteraceae	
Porteranthus	Rosaceae	
Portulaca	Portulacaceae	
Portulacaria	Didiereaceae	
Potamogeton	Potamogetonaceae	
Potentilla	Rosaceae	
Poterium	Rosaceae	
Pourthiaea	Rosaceae	
Pouteria	Sapotaceae	
Prangos	Apiaceae	
Prasium	Lamiaceae	
Pratia	Campanulaceae	
Premna	Verbenaceae	
Prenanthes	Asteraceae	
Preslia	Lamiaceae	
Prestonia	Apocynaceae	
Primula	Primulaceae	
Primulina	Gesneriaceae	
Prinsepia	Rosaceae	
Prionosciadium	Apiaceae	
Pritchardia	Arecaceae	
Pritzelago	Brassicaceae	
Proboscidea	Pedaliaceae	
Prosartes	Liliaceae	
Prosopis	Mimosaceae	
Prospero	Asparagaceae	
Prostanthera	Lamiaceae	
Prosthechea	Orchidaceae	
Protea	Proteaceae	
Prumnopitys	Podocarpaceae	
Prunella	Lamiaceae	
Prunus	Rosaceae	
Psacalium	Asteraceae	
Psammisia	Ericaceae	
Pseuderanthemum	Acanthaceae	
Pseudocydonia	Rosaceae	
Pseudofumaria	Papaveraceae	
Pseudogynoxys	Asteraceae	
Pseudolarix	Pinaceae	
Pseudolithos	Apocynaceae	
Pseudolysimachion	Scrophulariaceae	
Pseudomertensia	Boraginaceae	
Pseudomuscari	Asparagaceae	
Pseudopanax	Araliaceae	
Pseudophegopteris	Thelypteridaceae	
Pseudophoenix	Arecaceae	
Pseudosasa	Poaceae	
Pseudostellaria	Caryophyllaceae	
Pseudotaxus	Taxaceae	
Pseudotsuga	Pinaceae	
Pseudowintera	Winteraceae	
Psidium	Myrtaceae	
Psilostrophe	Asteraceae	
Psilotum	Psilotaceae	
Psophocarpus	Papilionaceae	
Psoralea	Papilionaceae	
Psychotria	Rubiaceae	
Psylliostachys	Plumbaginaceae	
Ptelea	Rutaceae	
Pteracanthus	Acanthaceae	
Pteridium	Dennstaedtiaceae	
Pteridophyllum	Papaveraceae	
Pteris	Pteridaceae	
Pterocactus	Cactaceae	
Pterocarya	Juglandaceae	
Pteroceltis	Cannabaceae	
Pterocephalus	Caprifoliaceae	
Pterodiscus	Pedaliaceae	
Pterostylis	Orchidaceae	
Pterostyrax	Styracaceae	
Pteryxia	Apiaceae	
Ptilimnium	Apiaceae	
Ptilostemon	Asteraceae	
Ptilotrichum	Brassicaceae	
Ptilotus	Amaranthaceae	
Ptychosperma	Arecaceae	
Puccinellia	Poaceae	
Pueraria	Papilionaceae	
Pulicaria	Asteraceae	
Pulmonaria	Boraginaceae	
Pulsatilla	Ranunculaceae	
Pultenaea	Papilionaceae	
Punica	Lythraceae	
Purshia	Rosaceae	
Puschkinia	Asparagaceae	
Putoria	Rubiaceae	
Puya	Bromeliaceae	
Pycnanthemum	Lamiaceae	
Pycnostachys	Lamiaceae	
Pycreus	Cyperaceae	
Pygmea	Scrophulariaceae	
Pyracantha	Rosaceae	
Pyracomeles	Rosaceae	
Pyrenaria	Theaceae	
Pyrethropsis	Asteraceae	
Pyrethrum	Asteraceae	
Pyrocydonia	Rosaceae	
Pyrola	Ericaceae	
Pyronia	Rosaceae	
Pyrostegia	Bignoniaceae	
Pyrrhopappus	Asteraceae	
Pyrrocoma	Asteraceae	
Pyrrosia	Polypodiaceae	
Pyrus	Rosaceae	
Qiongzhuea	Poaceae	
Quercus	Fagaceae	
Quesnelia	Bromeliaceae	
Quillaja	Quillajaceae	
Quisqualis	Combretaceae	
Rabdosia	Lamiaceae	
Rabiea	Aizoaceae	
Racopilum	Sphagnaceae	
Racosperma	Mimosaceae	
Radermachera	Bignoniaceae	
Ramberlea	Gesneriaceae	
Ramonda	Gesneriaceae	
Randia	Rubiaceae	
Ranunculus	Ranunculaceae	
Ranzania	Berberidaceae	
Raoulia	Asteraceae	
Raphanus	Brassicaceae	
Raphiolepis	Rosaceae	
Raphionacme	Apocynaceae	
Ratibida	Asteraceae	
Raukaua	Araliaceae	
Rauvolfia	Apocynaceae	
Ravenala	Strelitziaceae	
Ravenea	Arecaceae	
Rebutia	Cactaceae	
Rechsteineria	Gesneriaceae	
Reevesia	Sterculiaceae	
Regelia	Myrtaceae	
Regnellidium	Marsileaceae	
Rehderodendron	Styracaceae	
Rehmannia	Plantaginaceae	
Reichardia	Asteraceae	
Reineckea	Asparagaceae	
Reinwardtia	Linaceae	
Relhania	Asteraceae	
Remusatia	Araceae	
Reseda	Resedaceae	
Restio	Restionaceae	
Retama	Papilionaceae	
Reynoutria	Polygonaceae	
Rhabdothamnus	Gesneriaceae	
Rhadamanthus	Asparagaceae	
Rhagodia	Amaranthaceae	
Rhamnella	Rhamnaceae	
Rhamnus	Rhamnaceae	
Rhaphidophora	Araceae	
Rhaphiobotrya	Rosaceae	
Rhaphiolepis	Rosaceae	
Rhaphithamnus	Verbenaceae	
Rhapidophyllum	Arecaceae	
Rhapis	Arecaceae	
Rhaponticum	Compositae	
Rhazya	Apocynaceae	
Rhektophyllum	Araceae	
Rheum	Polygonaceae	
Rhexia	Melastomataceae	
Rhigozum	Bignoniaceae	
Rhinanthus	Orobanchaceae	
Rhinephyllum	Aizoaceae	
Rhipsalidopsis	Cactaceae	
Rhipsalis	Cactaceae	
Rhodanthe	Asteraceae	
Rhodanthemum	Asteraceae	
Rhodea	Liliaceae	
Rhodiola	Crassulaceae	
Rhodochiton	Plantaginaceae	
Rhodocoma	Restionaceae	
Rhododendron	Ericaceae	
Rhodohypoxis	Hypoxidaceae	
Rhodoleia	Hamamelidaceae	
Rhodomyrtus	Myrtaceae	
Rhodophiala	Amaryllidaceae	
Rhodora	Ericaceae	
Rhodothamnus	Ericaceae	
Rhodotypos	Rosaceae	
Rhodoxis	Hypoxidaceae	
Rhoeo	Commelinaceae	
Rhoicissus	Vitaceae	
Rhombophyllum	Aizoaceae	
Rhopaloblaste	Arecaceae	
Rhopalostylis	Arecaceae	
Rhus	Anacardiaceae	
Rhynchelytrum	Poaceae	
Rhynchosia	Papilionaceae	
Rhynchospora	Cyperaceae	
Rhytidocaulon	Apocynaceae	
Ribes	Grossulariaceae	
Richea	Ericaceae	
Ricinocarpos	Euphorbiaceae	
Ricinus	Euphorbiaceae	
Ridolfia	Apiaceae	
Rigidella	Iridaceae	
Riocreuxia	Apocynaceae	
Rivina	Phytolaccaceae	
Robinia	Papilionaceae	
Rochea	Crassulaceae	
Rodgersia	Saxifragaceae	
Roella	Campanulaceae	
Roemeria	Papaveraceae	
Rohdea	Asparagaceae	
Roldana	Asteraceae	
Romanzoffia	Boraginaceae	
Romneya	Papaveraceae	
Romulea	Iridaceae	
Rondeletia	Rubiaceae	
Rorippa	Brassicaceae	
Rosa	Rosaceae	
Roscoea	Zingiberaceae	
Rosenia	Asteraceae	
Rosmarinus	Lamiaceae	
Rossioglossum	Orchidaceae	
Rostrinucula	Lamiaceae	
Rosularia	Crassulaceae	
Rotala	Lythraceae	
Rotheca	Lamiaceae	
Rothmannia	Rubiaceae	
Rubia	Rubiaceae	
Rubus	Rosaceae	
Rudbeckia	Asteraceae	
Ruellia	Acanthaceae	
Rulingia	Sterculiaceae	
Rumex	Polygonaceae	
Rumohra	Dryopteridaceae	
Rupicapnos	Papaveraceae	
Ruschia	Aizoaceae	
Ruscus	Asparagaceae	
Ruspolia	Acanthaceae	
Russelia	Plantaginaceae	
Ruta	Rutaceae	
Ruttya	Acanthaceae	
Ruttyruspolia	Acanthaceae	
Rytidosperma	Poaceae	
Sabal	Arecaceae	
Sabatia	Gentianaceae	
Saccharum	Poaceae	
Sacoila	Orchidaceae	
Sadleria	Blechnaceae	
Sageretia	Rhamnaceae	
Sagina	Caryophyllaceae	
Sagittaria	Alismataceae	
Saintpaulia	Gesneriaceae	
Salicornia	Amaranthaceae	
Salix	Salicaceae	
Salpiglossis	Solanaceae	
Salsola	Amaranthaceae	
Salvia	Lamiaceae	
Salvinia	Salviniaceae	
Sambucus	Adoxaceae	
Samolus	Primulaceae	
Sanchezia	Acanthaceae	
Sandersonia	Colchicaceae	
Sanguinaria	Papaveraceae	
Sanguisorba	Rosaceae	
Sanicula	Apiaceae	
Saniella	Hypoxidaceae	
Sansevieria	Asparagaceae	
Santalum	Santalaceae	
Santolina	Asteraceae	
Sanvitalia	Asteraceae	
Sapindus	Sapindaceae	
Saponaria	Caryophyllaceae	
Saposhnikovia	Apiaceae	
Saracha	Solanaceae	
Sarcandra	Chloranthaceae	
Sarcocapnos	Papaveraceae	
Sarcococca	Buxaceae	
Sarcopoterium	Rosaceae	
Sarcostemma	Apocynaceae	
Saritaea	Bignoniaceae	
Sarmienta	Gesneriaceae	
Sarothamnus	Papilionaceae	
Sarracenia	Sarraceniaceae	
Saruma	Aristolochiaceae	
Sasa	Poaceae	
Sasaella	Poaceae	
Sasamorpha	Poaceae	
Sassafras	Lauraceae	
Satureja	Lamiaceae	
Satyrium	Orchidaceae	
Saurauia	Actinidiaceae	
Sauromatum	Araceae	
Saururus	Saururaceae	
Saussurea	Asteraceae	
Saxegothaea	Podocarpaceae	
Saxifraga	Saxifragaceae	
Scabiosa	Caprifoliaceae	
Scadoxus	Amaryllidaceae	
Scaevola	Goodeniaceae	
Scandix	Apiaceae	
Scaphochlamys	Zingiberaceae	
Sceletium	Aizoaceae	
Schefflera	Araliaceae	
Schima	Theaceae	
Schinus	Anacardiaceae	
Schisandra	Schisandraceae	
Schistostega	Sphagnaceae	
Schivereckia	Brassicaceae	
Schizachyrium	Poaceae	
Schizanthus	Solanaceae	
Schizocarphus	Asparagaceae	
Schizocentron	Melastomataceae	
Schizocodon	Diapensiaceae	
Schizolobium	Caesalpiniaceae	
Schizopetalon	Brassicaceae	
Schizophragma	Hydrangeaceae	
Schizostachyum	Poaceae	
Schizostylis	Iridaceae	
Schlumbergera	Cactaceae	
Schoenoplectus	Cyperaceae	
Schoenoxiphium	Cyperaceae	
Schoenus	Cyperaceae	
Schotia	Caesalpiniaceae	
Schrebera	Oleaceae	
Sciadopitys	Sciadopityaceae	
Scilla	Asparagaceae	
Scindapsus	Araceae	
Scirpoides	Cyperaceae	
Scirpus	Cyperaceae	
Scleranthus	Caryophyllaceae	
Sclerochiton	Acanthaceae	
Scoliopus	Liliaceae	
Scolopendrium	Aspleniaceae	
Scopolia	Solanaceae	
Scorzonera	Asteraceae	
Scorzoneroides	Asteraceae	
Scrophularia	Scrophulariaceae	
Scutellaria	Lamiaceae	
Sebaea	Gentianaceae	
Securigera	Papilionaceae	
Sedastrum	Crassulaceae	
Sedella	Crassulaceae	
Sedeveria	Crassulaceae	
Sedum	Crassulaceae	
Seemannia	Gesneriaceae	
Selaginella	Selaginellaceae	
Selago	Scrophulariaceae	
Selenicereus	Cactaceae	
Selera	Malvaceae	
Selinum	Apiaceae	
Selliera	Goodeniaceae	
Semele	Asparagaceae	
Semiaquilegia	Ranunculaceae	
Semiarundinaria	Poaceae	
Semnanthe	Aizoaceae	
Sempervivella	Crassulaceae	
Sempervivum	Crassulaceae	
Senecio	Asteraceae	
Senna	Caesalpiniaceae	
Sequoia	Cupressaceae	
Sequoiadendron	Cupressaceae	
Serapias	Orchidaceae	
Serenoa	Arecaceae	
Sericocarpus	Asteraceae	
Seriphidium	Asteraceae	
Serissa	Rubiaceae	
Serratula	Asteraceae	
Serruria	Proteaceae	
Sesamothamnus	Pedaliaceae	
Sesamum	Pedaliaceae	
Sesbania	Papilionaceae	
Seseli	Apiaceae	
Sesleria	Poaceae	
Setaria	Poaceae	
Setcreasea	Commelinaceae	
Severinia	Rutaceae	
Shepherdia	Elaeagnaceae	
Sherardia	Rubiaceae	
Shibataea	Poaceae	
Shortia	Diapensiaceae	
Sibbaldia	Rosaceae	
Sibbaldiopsis	Rosaceae	
Sibiraea	Rosaceae	
Sibthorpia	Plantaginaceae	
Sida	Malvaceae	
Sidalcea	Malvaceae	
Sideritis	Lamiaceae	
Sieversia	Rosaceae	
Silaum	Apiaceae	
Silene	Caryophyllaceae	
Siler	Umbelliferae	
Silphium	Asteraceae	
Silybum	Asteraceae	
Simmondsia	Simmondsiaceae	
Sinacalia	Asteraceae	
Sinapis	Brassicaceae	
Sinarundinaria	Poaceae	
Sinningia	Gesneriaceae	
Sinobambusa	Poaceae	
Sinocalycalycanthus	Calycanthaceae	
Sinocalycanthus	Calycanthaceae	
Sinocrassula	Crassulaceae	
Sinofranchetia	Lardizabalaceae	
Sinojackia	Styracaceae	
Sinopanax	Araliaceae	
Sinopodophyllum	Berberidaceae	
Sinowilsonia	Hamamelidaceae	
Siphocampylus	Campanulaceae	
Siphocranion	Lamiaceae	
Siphonochilus	Zingiberaceae	
Sison	Apiaceae	
Sisymbrium	Brassicaceae	
Sisyrinchium	Iridaceae	
Sium	Apiaceae	
Skimmia	Rutaceae	
Sloanea	Elaeocarpaceae	
Smallanthus	Asteraceae	
Smelowskia	Brassicaceae	
Smilacina	Convallariaceae	For S. racemosa see <g>Maianthemum</g>
Smilax	Smilacaceae	
Smithiantha	Gesneriaceae	
Smithicodonia	Gesneriaceae	
Smyrnium	Apiaceae	
Socratea	Arecaceae	
Solandra	Solanaceae	
Solanum	Solanaceae	
Solaria	Alliaceae	
Soldanella	Primulaceae	
Soleirolia	Urticaceae	
Solenanthus	Boraginaceae	
Solenomelus	Iridaceae	
Solenopsis	Campanulaceae	
Solenostemon	Lamiaceae	
Solidago	Asteraceae	
Solidaster	Asteraceae	
Sollya	Pittosporaceae	
Solms-laubachia	Brassicaceae	
Sonchus	Asteraceae	
Sophora	Papilionaceae	
Sorbaria	Rosaceae	
Sorbaronia	Rosaceae	
Sorbocrataegus	Rosaceae	
Sorbopyrus	Rosaceae	
Sorbus	Rosaceae	
Sorghastrum	Poaceae	
Sorghum	Poaceae	
Soroseris	Asteraceae	
Souliea	Ranunculaceae	
Sparaxis	Iridaceae	
Sparganium	Sparganiaceae	
Sparrmannia	Malvaceae	
Spartina	Poaceae	
Spartium	Papilionaceae	
Spartocytisus	Papilionaceae	
Spathantheum	Araceae	
Spathicarpa	Araceae	
Spathipappus	Asteraceae	
Spathiphyllum	Araceae	
Spathodea	Bignoniaceae	
Spathoglottis	Orchidaceae	
Speirantha	Asparagaceae	
Spergularia	Caryophyllaceae	
Sphacele	Lamiaceae	
Sphaeralcea	Malvaceae	
Sphaeromeria	Asteraceae	
Sphagneticola	Asteraceae	
Sphagnum	Sphagnaceae	
Sphenomeris	Dennstaedtiaceae	
Sphenosciadium	Apiaceae	
Sphenotoma	Ericaceae	
Spigelia	Loganiaceae	
Spilanthes	Asteraceae	
Spiloxene	Hypoxidaceae	
Spinacia	Amaranthaceae	
Spiraea	Rosaceae	
Spiranthes	Orchidaceae	
Spirodela	Araceae	
Spodiopogon	Poaceae	
Sporobolus	Poaceae	
Spraguea	Portulacaceae	
Sprekelia	Amaryllidaceae	
Staberoha	Restionaceae	
Stachys	Lamiaceae	
Stachytarpheta	Verbenaceae	
Stachyurus	Stachyuraceae	
Staehelina	Asteraceae	
Stangeria	Stangeriaceae	
Stanleya	Brassicaceae	
Stapelia	Apocynaceae	
Staphylea	Staphyleaceae	
Statice	Plumbaginaceae	
Stauntonia	Lardizabalaceae	
Stegnogramma	Thelypteridaceae	
Steirodiscus	Asteraceae	
Stellaria	Caryophyllaceae	
Stellera	Thymelaeaceae	
Stemmacantha	Asteraceae	
Stemodia	Scrophulariaceae	
Stenandrium	Acanthaceae	
Stenanthium	Melanthiaceae	
Stenocarpus	Proteaceae	
Stenochlaena	Blechnaceae	
Stenocoelium	Apiaceae	
Stenoglottis	Orchidaceae	
Stenogramma	Thelypteridaceae	
Stenomesson	Amaryllidaceae	
Stenorrhynchos	Orchidaceae	
Stenotaphrum	Poaceae	
Stenotus	Asteraceae	
Stephanandra	Rosaceae	
Stephania	Menispermaceae	
Stephanotis	Apocynaceae	
Sterculia	Malvaceae	
Sternbergia	Amaryllidaceae	
Stetsonia	Cactaceae	
Stevia	Asteraceae	
Stewartia	Theaceae	
Sticherus	Gleicheniaceae	
Stictocardia	Convolvulaceae	
Stigmaphyllon	Malpighiaceae	
Stilbocarpa	Apiaceae	
Stipa	Poaceae	For S. arundinacea, see A. lessoniana under <g>Anemanthele</g>
Stoebe	Asteraceae	
Stokesia	Asteraceae	
Stranvaesia	Rosaceae	
Stranvinia	Rosaceae	
Stratiotes	Hydrocharitaceae	
Strelitzia	Strelitziaceae	
Streptocarpella	Gesneriaceae	
Streptocarpus	Gesneriaceae	
Streptolirion	Commelinaceae	
Streptopus	Liliaceae	
Streptosolen	Solanaceae	
Strobilanthes	Acanthaceae	
Stromanthe	Marantaceae	
Strongylodon	Papilionaceae	
Strophanthus	Apocynaceae	
Strumaria	Amaryllidaceae	
Struthiopteris	Blechnaceae	
Strychnos	Loganiaceae	
Stuartia	Theaceae	
Stylidium	Stylidiaceae	
Stylomecon	Papaveraceae	
Stylophorum	Papaveraceae	
Stypandra	Phormiaceae	
Styphelia	Ericaceae	
Styphnolobium	Papilionaceae	
Styrax	Styracaceae	
Suaeda	Amaranthaceae	
Succisa	Caprifoliaceae	
Succisella	Caprifoliaceae	
Sulcorebutia	Cactaceae	
Sullivantia	Saxifragaceae	
Sutera	Scrophulariaceae	
Sutherlandia	Papilionaceae	
Swainsona	Papilionaceae	
Swertia	Gentianaceae	
Swietenia	Meliaceae	
Syagrus	Arecaceae	
Sycoparrotia	Hamamelidaceae	
Sycopsis	Hamamelidaceae	
Symphoricarpos	Caprifoliaceae	
Symphyandra	Campanulaceae	
Symphyotrichum	Asteraceae	
Symphytum	Boraginaceae	
Symplocarpus	Araceae	
Symplocos	Symplocaceae	
Synadenium	Euphorbiaceae	
Syncarpha	Asteraceae	
Syncolostemon	Lamiaceae	
Syneilesis	Asteraceae	
Syngonium	Araceae	
Synnotia	Iridaceae	
Synsepalum	Sapotaceae	
Synthyris	Plantaginaceae	
Synurus	Asteraceae	
Syringa	Oleaceae	
Syringodea	Iridaceae	
Syzygium	Myrtaceae	
Tabebuia	Bignoniaceae	
Tabernaemontana	Apocynaceae	
Tacca	Taccaceae	
Taccarum	Araceae	
Tacitus	Crassulaceae	
Tacsonia	Passifloraceae	
Taenidia	Apiaceae	
Tagetes	Asteraceae	
Taiwania	Cupressaceae	
Talbotia	Velloziaceae	
Talinum	Portulacaceae	
Tamarindus	Caesalpiniaceae	
Tamarix	Tamaricaceae	
Tamus	Dioscoreaceae	
Tanacetum	Asteraceae	
Tanakaea	Saxifragaceae	
Tapeinochilos	Costaceae	
Tapiscia	Staphyleaceae	
Tarasa	Malvaceae	
Taraxacum	Asteraceae	
Tarchonanthus	Asteraceae	
Tasmannia	Winteraceae	
Taxodium	Cupressaceae	
Taxus	Taxaceae	
Tecoma	Bignoniaceae	
Tecomanthe	Bignoniaceae	
Tecomaria	Bignoniaceae	
Tecophilaea	Tecophilaeaceae	
Tectaria	Tectariaceae	
Tectona	Verbenaceae	
Telanthophora	Asteraceae	
Telekia	Asteraceae	
Telephium	Molluginaceae	
Telesonix	Saxifragaceae	
Teline	Papilionaceae	
Tellima	Saxifragaceae	
Telopea	Proteaceae	
Templetonia	Papilionaceae	
Temu	Myrtaceae	
Tephrocactus	Cactaceae	
Tephroseris	Asteraceae	
Tephrosia	Papilionaceae	
Terminalia	Combretaceae	
Ternstroemia	Pentaphylacaceae	
Tetracentron	Trochodendraceae	
Tetraclinis	Cupressaceae	
Tetradenia	Lamiaceae	
Tetradium	Rutaceae	
Tetraglochin	Rosaceae	
Tetragonia	Aizoaceae	
Tetragonolobus	Papilionaceae	
Tetraneuris	Asteraceae	
Tetrapanax	Araliaceae	
Tetrapathaea	Passifloraceae	
Tetrastigma	Vitaceae	
Tetratheca	Elaeocarpaceae	
Teucridium	Lamiaceae	
Teucrium	Lamiaceae	
Thalia	Marantaceae	
Thalictrum	Ranunculaceae	
Thamnocalamus	Poaceae	
Thamnochortus	Restionaceae	
Thapsia	Apiaceae	
Thea	Theaceae	
Theilera	Campanulaceae	
Thelionema	Hemerocallidaceae	
Thelocactus	Cactaceae	
Thelymitra	Orchidaceae	
Thelypteris	Thelypteridaceae	
Themeda	Poaceae	
Theobroma	Malvaceae	
Thermopsis	Papilionaceae	
Therorhodion	Ericaceae	
Thevetia	Apocynaceae	
Thladiantha	Cucurbitaceae	
Thlaspi	Brassicaceae	
Thrinax	Arecaceae	
Thryptomene	Myrtaceae	
Thuja	Cupressaceae	
Thujopsis	Cupressaceae	
Thunbergia	Acanthaceae	
Thunia	Orchidaceae	
Thylacospermum	Caryophyllaceae	
Thymbra	Lamiaceae	
Thymelaea	Thymelaeaceae	
Thymus	Lamiaceae	
Thysanotus	Asparagaceae	
Tiarella	Saxifragaceae	
Tibouchina	Melastomataceae	
Tigridia	Iridaceae	
Tilia	Malvaceae	
Tilingia	Apiaceae	
Tillaea	Crassulaceae	
Tillandsia	Bromeliaceae	
Tinantia	Commelinaceae	
Tinnea	Lamiaceae	
Tipuana	Papilionaceae	
Tipularia	Orchidaceae	
Titanopsis	Aizoaceae	
Titanotrichum	Gesneriaceae	
Tithonia	Asteraceae	
Todea	Osmundaceae	
Tofieldia	Tofieldiaceae	
Tolmiea	Saxifragaceae	
Tolpis	Asteraceae	
Tonestus	Asteraceae	
Toona	Meliaceae	
Tordylium	Apiaceae	
Torenia	Linderniaceae	
Torilis	Apiaceae	
Torreya	Taxaceae	
Tortula	Sphagnaceae	
Townsendia	Asteraceae	
Toxicodendron	Anacardiaceae	
Trachelium	Campanulaceae	
Trachelospermum	Apocynaceae	
Trachycarpus	Arecaceae	
Trachymene	Apiaceae	
Trachyspermum	Apiaceae	
Trachystemon	Boraginaceae	
Tradescantia	Commelinaceae	
Tragopogon	Asteraceae	
Trapa	Lythraceae	
Trautvetteria	Ranunculaceae	
Trevesia	Araliaceae	
Triadica	Euphorbiaceae	
Trichilia	Meliaceae	
Trichocereus	Cactaceae	
Trichocolea	Trichocoleaceae	
Trichodiadema	Aizoaceae	
Trichopetalum	Asparagaceae	
Trichophorum	Cyperaceae	
Trichosanthes	Cucurbitaceae	
Trichostema	Lamiaceae	
Tricuspidaria	Elaeocarpaceae	
Tricyrtis	Liliaceae	
Tridens	Poaceae	
Trientalis	Primulaceae	
Trifolium	Papilionaceae	
Triglochin	Juncaginaceae	
Trigonella	Papilionaceae	
Trigonotis	Boraginaceae	
Trillidium	Trilliaceae	
Trillium	Melanthiaceae	
Trinia	Apiaceae	
Triosteum	Caprifoliaceae	
Tripetaleia	Ericaceae	
Tripleurospermum	Asteraceae	
Tripogandra	Commelinaceae	
Tripolium	Asteraceae	
Tripsacum	Poaceae	
Tripterospermum	Gentianaceae	
Tripterygium	Celastraceae	
Trisetum	Poaceae	
Trismeria	Adiantaceae	
Tristagma	Alliaceae	
Tristania	Myrtaceae	
Tristaniopsis	Myrtaceae	
Tristellateia	Malpighiaceae	
Triteleia	Asparagaceae	
Trithrinax	Arecaceae	
Triticum	Poaceae	
Tritoma	Asphodelaceae	
Tritonia	Iridaceae	
Tritoniopsis	Iridaceae	
Trixis	Asteraceae	
Trochetiopsis	Malvaceae	
Trochiscanthes	Apiaceae	
Trochocarpa	Ericaceae	
Trochodendron	Trochodendraceae	
Trollius	Ranunculaceae	
Tropaeolum	Tropaeolaceae	
Trymalium	Rhamnaceae	
Tsoongiodendron	Magnoliaceae	
Tsuga	Pinaceae	
Tsusiophyllum	Ericaceae	
Tuberaria	Cistaceae	
Tulbaghia	Alliaceae	
Tulipa	Liliaceae	
Tunica	Caryophyllaceae	
Tupistra	Asparagaceae	
Turbina	Convolvulaceae	
Turnera	Passifloraceae	
Turpinia	Staphyleaceae	
Turraea	Meliaceae	
Turritis	Brassicaceae	
Tussilago	Asteraceae	
Tutcheria	Theaceae	
Tweedia	Apocynaceae	
Tylecodon	Crassulaceae	
Tylophora	Apocynaceae	
Typha	Typhaceae	
Typhonium	Araceae	
Typhonodorum	Araceae	
Uapaca	Euphorbiaceae	
Uccerodendron	Hamamelidaceae	
Ugni	Myrtaceae	
Ulex	Papilionaceae	
Ullucus	Basellaceae	
Ulmus	Ulmaceae	
Umbellularia	Lauraceae	
Umbilicus	Crassulaceae	
Uncinia	Cyperaceae	
Ungnadia	Sapindaceae	
Uniola	Poaceae	
Unk.begoniaceae	Begoniaceae	
Urceolina	Amaryllidaceae	
Urechites	Apocynaceae	
Urginea	Asparagaceae	
Urospermum	Asteraceae	
Ursinia	Asteraceae	
Urtica	Urticaceae	
Utricularia	Lentibulariaceae	
Uvularia	Colchicaceae	
Vaccaria	Caryophyllaceae	
Vaccinium	Ericaceae	
Vachellia	Leguminosae	
Vagaria	Amaryllidaceae	
Valeriana	Caprifoliaceae	
Valerianella	Caprifoliaceae	
Vallea	Elaeocarpaceae	
Vallisneria	Hydrocharitaceae	
Vallota	Amaryllidaceae	
Vancouveria	Berberidaceae	
Vania	Brassicaceae	
Vasconcellea	Caricaceae	
Veitchia	Arecaceae	
Vella	Brassicaceae	
Velleia	Goodeniaceae	
Vellozia	Velloziaceae	
Veltheimia	Asparagaceae	
Venidioarctotis	Asteraceae	
Venidium	Asteraceae	
Veratrilla	Gentianaceae	
Veratrum	Melanthiaceae	
Verbascum	Scrophulariaceae	
Verbena	Verbenaceae	
Verbesina	Asteraceae	
Vernicia	Euphorbiaceae	
Vernonia	Asteraceae	
Veronica	Plantaginaceae	
Veronicastrum	Plantaginaceae	
Verschaffeltia	Arecaceae	
Verticordia	Myrtaceae	
Vesalea	Caprifoliaceae	
Vestia	Solanaceae	
Vetiveria	Poaceae	
Viburnum	Adoxaceae	
Vicia	Papilionaceae	
Victoria	Nymphaeaceae	
Vigna	Papilionaceae	
Viguiera	Asteraceae	
Villadia	Crassulaceae	
Villaresia	Icacinaceae	
Villarsia	Menyanthaceae	
Viminaria	Papilionaceae	
Vinca	Apocynaceae	
Vincetoxicum	Apocynaceae	
Viola	Violaceae	
Viscaria	Caryophyllaceae	
Viscum	Santalaceae	
Visnaga	Apiaceae	
Vitaliana	Primulaceae	
Vitex	Lamiaceae	
Vitis	Vitaceae	
Vittadinia	Asteraceae	
Vriesea	Bromeliaceae	
Wachendorfia	Haemodoraceae	
Wahlenbergia	Campanulaceae	
Walafrida	Scrophulariaceae	
Waldsteinia	Rosaceae	
Wallichia	Arecaceae	
Wasabia	Brassicaceae	
Washingtonia	Arecaceae	
Watsonia	Iridaceae	
Wattakaka	Apocynaceae	
Wedelia	Asteraceae	
Weigela	Caprifoliaceae	
Weingartia	Cactaceae	
Weinmannia	Cunoniaceae	
Weldenia	Commelinaceae	
Werneria	Asteraceae	
Westringia	Lamiaceae	
Wettinia	Arecaceae	
Whiteheadia	Asparagaceae	
Whitfieldia	Acanthaceae	
Widdringtonia	Cupressaceae	
Wigandia	Boraginaceae	
Wikstroemia	Thymelaeaceae	
Wilkesia	Asteraceae	
Willdenowia	Restionaceae	
Wisteria	Papilionaceae	
Withania	Solanaceae	
Wittsteinia	Alseuosmiaceae	
Wodyetia	Arecaceae	
Wollemia	Araucariaceae	
Woodsia	Woodsiaceae	
Woodwardia	Blechnaceae	
Worsleya	Amaryllidaceae	
Wulfenia	Plantaginaceae	
Wurmbea	Colchicaceae	
Wyethia	Asteraceae	
Xanthisma	Asteraceae	
Xanthium	Asteraceae	
Xanthoceras	Sapindaceae	
Xanthocyparis	Cupressaceae	
Xanthophthalmum	Asteraceae	
Xanthorhiza	Ranunculaceae	
Xanthorrhoea	Xanthorrhoeaceae	
Xanthosoma	Araceae	
Xerochrysum	Asteraceae	
Xerodraba	Brassicaceae	
Xeronema	Xeronemataceae	
Xerophyllum	Melanthiaceae	
Xerophyta	Velloziaceae	
Xylorhiza	Asteraceae	
Xylosma	Flacourtiaceae	
Xylotheca	Flacourtiaceae	
Xyris	Xyridaceae	
Xysmalobium	Apocynaceae	
Ypsilandra	Melanthiaceae	
Yucca	Asparagaceae	
Yushania	Poaceae	
Zabelia	Caprifoliaceae	
Zaluzianskya	Scrophulariaceae	
Zamia	Zamiaceae	
Zamioculcas	Araceae	
Zantedeschia	Araceae	
Zanthorhiza	Ranunculaceae	
Zanthoxylum	Rutaceae	
Zauschneria	Onagraceae	
Zea	Poaceae	
Zebrina	Commelinaceae	
Zehneria	Cucurbitaceae	
Zelkova	Ulmaceae	
Zenobia	Ericaceae	
Zephyranthes	Amaryllidaceae	
Zexmenia	Asteraceae	
Zieria	Rutaceae	
Zigadenus	Melanthiaceae	
Zingiber	Zingiberaceae	
Zinnia	Asteraceae	
Zizania	Poaceae	
Zizia	Apiaceae	
Ziziphora	Lamiaceae	
Ziziphus	Rhamnaceae	
Zosima	Apiaceae	
Zoysia	Poaceae	
